-- phpMyAdmin SQL Dump
-- version 4.5.1
-- http://www.phpmyadmin.net
--
-- Servidor: 127.0.0.1
-- Tiempo de generación: 07-04-2018 a las 11:33:58
-- Versión del servidor: 10.1.10-MariaDB
-- Versión de PHP: 5.6.19

SET SQL_MODE = "NO_AUTO_VALUE_ON_ZERO";
SET time_zone = "+00:00";


/*!40101 SET @OLD_CHARACTER_SET_CLIENT=@@CHARACTER_SET_CLIENT */;
/*!40101 SET @OLD_CHARACTER_SET_RESULTS=@@CHARACTER_SET_RESULTS */;
/*!40101 SET @OLD_COLLATION_CONNECTION=@@COLLATION_CONNECTION */;
/*!40101 SET NAMES utf8mb4 */;

--
-- Base de datos: `bd_colossus_sit`
--

-- --------------------------------------------------------

--
-- Estructura de tabla para la tabla `agente_transito`
--

CREATE TABLE `agente_transito` (
  `id` int(11) NOT NULL,
  `placa` varchar(45) COLLATE utf8_unicode_ci NOT NULL,
  `estado` tinyint(1) NOT NULL,
  `ciudadano_id` int(11) DEFAULT NULL
) ENGINE=InnoDB DEFAULT CHARSET=utf8 COLLATE=utf8_unicode_ci;

--
-- Volcado de datos para la tabla `agente_transito`
--

INSERT INTO `agente_transito` (`id`, `placa`, `estado`, `ciudadano_id`) VALUES
(1, 'mmm001', 1, 1);

-- --------------------------------------------------------

--
-- Estructura de tabla para la tabla `almacen`
--

CREATE TABLE `almacen` (
  `id` int(11) NOT NULL,
  `servicio_id` int(11) DEFAULT NULL,
  `organismo_transito_id` int(11) DEFAULT NULL,
  `consumible_id` int(11) DEFAULT NULL,
  `clase_id` int(11) DEFAULT NULL,
  `rango_inicio` int(11) NOT NULL,
  `rango_fin` int(11) NOT NULL,
  `lote` int(11) NOT NULL,
  `disponibles` longtext COLLATE utf8_unicode_ci NOT NULL COMMENT '(DC2Type:array)',
  `estado` tinyint(1) NOT NULL
) ENGINE=InnoDB DEFAULT CHARSET=utf8 COLLATE=utf8_unicode_ci;

--
-- Volcado de datos para la tabla `almacen`
--

INSERT INTO `almacen` (`id`, `servicio_id`, `organismo_transito_id`, `consumible_id`, `clase_id`, `rango_inicio`, `rango_fin`, `lote`, `disponibles`, `estado`) VALUES
(1, 1, 1, 1, 5, 0, 0, 1, 'N;', 1),
(2, 2, 1, 1, 3, 1, 1000, 2, 'N;', 1);

-- --------------------------------------------------------

--
-- Estructura de tabla para la tabla `banco`
--

CREATE TABLE `banco` (
  `id` int(11) NOT NULL,
  `nombre` varchar(255) COLLATE utf8_unicode_ci NOT NULL,
  `estado` tinyint(1) NOT NULL
) ENGINE=InnoDB DEFAULT CHARSET=utf8 COLLATE=utf8_unicode_ci;

--
-- Volcado de datos para la tabla `banco`
--

INSERT INTO `banco` (`id`, `nombre`, `estado`) VALUES
(1, 'Banco de la Republica de colombia', 0),
(2, 'bancolombia', 1),
(3, 'mkjgh', 0),
(4, 'banco de bogota', 0),
(5, 'losd', 1),
(6, 'banco nuevo', 0),
(7, 'bogota', 1);

-- --------------------------------------------------------

--
-- Estructura de tabla para la tabla `carroceria`
--

CREATE TABLE `carroceria` (
  `id` int(11) NOT NULL,
  `clase_id` int(11) DEFAULT NULL,
  `nombre` varchar(255) COLLATE utf8_unicode_ci NOT NULL,
  `codigo_mt` int(11) NOT NULL,
  `estado` tinyint(1) NOT NULL
) ENGINE=InnoDB DEFAULT CHARSET=utf8 COLLATE=utf8_unicode_ci;

--
-- Volcado de datos para la tabla `carroceria`
--

INSERT INTO `carroceria` (`id`, `clase_id`, `nombre`, `codigo_mt`, `estado`) VALUES
(1, 1, 'SEDAN', 9, 1),
(2, 1, 'COUPE', 19, 1),
(3, 1, 'CONVERTIBLE', 20, 1),
(4, 1, 'STATION WAGON', 23, 1),
(5, 1, 'HATCH BACK', 77, 1),
(6, 1, 'BUGGY', 213, 1),
(7, 1, 'LIMOSINA', 215, 1),
(8, 2, 'CERRADA', 8, 1),
(9, 2, 'ABIERTO (ESCALERA)', 64, 1),
(10, 2, 'ARTICULADO', 201, 1),
(11, 2, 'BIARTICULADO', 239, 1),
(14, 4, 'ESTACAS', 1, 1),
(15, 4, 'FURGON', 2, 1),
(16, 4, 'TANQUE', 3, 1),
(17, 4, 'VOLCO', 4, 1),
(18, 4, 'TOLVA', 5, 1),
(19, 4, 'ESTIBAS', 10, 1),
(20, 4, 'HORMIGONERO', 14, 1),
(21, 4, 'GRUA', 16, 1),
(22, 4, 'NI¥ERA', 18, 1),
(23, 4, 'CABINADO', 21, 1),
(24, 4, 'DOBLE CABINA', 25, 1),
(25, 4, 'BOMBERO', 26, 1),
(26, 4, 'BOMBA', 29, 1),
(27, 4, 'LIMPIA ALCANTARILLAS', 31, 1),
(28, 4, 'PANEL', 33, 1),
(29, 4, 'PLATAFORMA', 38, 1),
(30, 4, 'RECOLECTOR', 56, 1),
(31, 4, 'CASA RODANTE', 92, 1),
(32, 4, 'EQUIPO DE CEMENTACION', 95, 1),
(33, 4, 'MEZCLADOR', 119, 1),
(34, 4, 'AUTOBOMBA', 212, 1),
(35, 4, 'PLANCHON', 217, 1),
(36, 4, 'REPARTO à PALET', 218, 1),
(37, 4, 'GRUA PLANCHON', 219, 1),
(38, 4, 'GRUA HIDRAULICA', 220, 1),
(39, 4, 'MAQ. BOMBEROS', 221, 1),
(40, 4, 'DOBLE CABINA VOLCO', 222, 1),
(41, 4, 'UNIDAD MOVIL', 223, 1),
(42, 4, 'DOBLE CABINA ESTACAS', 224, 1),
(43, 4, 'DOBLE CABINA FURGON', 225, 1),
(44, 4, 'COMPACTADOR', 232, 1),
(45, 4, 'PERFORADOR', 235, 1),
(46, 4, 'EQUIPO DE RESCATE', 236, 1),
(47, 4, 'CA¥ERO', 237, 1),
(48, 4, 'GRUA ELEVADORA', 238, 1),
(49, 4, 'GRANELERAS', 230, 1),
(50, 4, 'FURGON FRIGORIFICO', 246, 1),
(51, 4, 'FURGON CORTINERO', 247, 1),
(52, 4, 'CISTERNA PARA COMBUSTIBLE', 248, 1),
(53, 4, 'CISTERNA PARA QUIMICOS', 249, 1),
(54, 5, 'PICO (PICK UP)', 12, 1),
(55, 5, 'PLATON', 13, 1),
(56, 5, 'CARPADO', 22, 1),
(57, 5, 'VAN', 79, 1),
(58, 5, 'AMBULANCIA', 87, 1),
(69, 5, 'WAGON', 234, 1),
(80, 6, 'CAPOTA DUAL ', 240, 1),
(81, 6, 'PICK UP CABINADA', 241, 1),
(84, 8, 'SRS', 7, 1),
(85, 9, 'SIN CARROCERIA', 0, 1),
(86, 9, 'TURISMO', 226, 1),
(87, 9, 'CROSS', 227, 1),
(88, 9, 'SCOOTER', 228, 1),
(89, 9, 'SPORT', 229, 1),
(90, 9, 'CUSTOM', 242, 1),
(91, 10, 'MINITRACTOR', 205, 1),
(92, 10, 'MOTOTRILLADORA', 208, 1),
(93, 10, 'TRACTOR', 210, 1),
(94, 10, 'ASPERSORA', 233, 1),
(95, 10, 'COSECHADORA', 256, 1),
(96, 10, 'SEMBRADORA', 257, 1),
(97, 10, 'PULVERIZADORA', 258, 1),
(98, 10, 'ENFARFADORA', 259, 1),
(99, 10, 'RETROEXCAVADORA CARGADORAS', 260, 1),
(100, 11, 'COMPACTADORA', 28, 1),
(101, 11, 'BARREDORA', 30, 1),
(102, 11, 'TALADRO', 84, 1),
(103, 11, 'ARRASTRADORA', 200, 1),
(104, 11, 'BULDOZER', 202, 1),
(105, 11, 'CARGADOR', 203, 1),
(106, 11, 'EXCAVADORA', 204, 1),
(107, 11, 'MONTACARGA', 206, 1),
(108, 11, 'RETROEXCAVADORA', 209, 1),
(109, 11, 'MOTONIVELADORA', 207, 1),
(110, 11, 'EQUIPO PETROLERO', 98, 1),
(114, 11, 'CORTADORAS DE PAVIMENTO', 261, 1),
(115, 11, 'VIBROCOMPACTADORES', 262, 1),
(116, 11, 'FINISHERS', 263, 1),
(117, 11, 'EQUIPO DE PAVIMENTACION', 264, 1),
(118, 11, 'PERFILADORAS DE PAVIMENTO EN FRIO', 265, 1),
(119, 11, 'RECUPERADOR DE CAMINOS', 266, 1),
(120, 11, 'ARASTRADOR DE TRONCOS', 267, 1),
(121, 11, 'EXCAVADORA DE RUEDAS', 268, 1),
(122, 11, 'EXCAVADORA HIDRAULICA', 269, 1),
(123, 11, 'CARGADOR DE RUEDAS', 270, 1),
(124, 11, 'CARGADOR DE CADENAS', 271, 1),
(125, 11, 'MINICARGADOR', 272, 1),
(126, 11, 'MOTOTRAILLAS', 273, 1),
(131, 14, 'CARRETA', 214, 1),
(134, 17, 'CAMABAJA', 69, 1),
(136, 17, 'PORTA CONTENEDOR', 231, 1),
(163, 17, 'FORESTAL', 243, 1),
(164, 17, 'PORTA CONTENEDOR HIGH CUBE', 244, 1),
(165, 17, 'DOLLY', 245, 1),
(170, 17, 'CISTERNA PARA ACIDO SULFURICO', 250, 1),
(171, 17, 'CISTERNA SILO EN V', 252, 1),
(172, 17, 'CISTERNA SILO CILINDRICO', 253, 1),
(173, 19, 'CISTERNA TERMICO', 254, 1),
(174, 19, 'VOLCO GRANELERO', 255, 1);

-- --------------------------------------------------------

--
-- Estructura de tabla para la tabla `caso`
--

CREATE TABLE `caso` (
  `id` int(11) NOT NULL,
  `tramite_id` int(11) DEFAULT NULL,
  `nombre` varchar(255) COLLATE utf8_unicode_ci NOT NULL,
  `estado` tinyint(1) NOT NULL
) ENGINE=InnoDB DEFAULT CHARSET=utf8 COLLATE=utf8_unicode_ci;

-- --------------------------------------------------------

--
-- Estructura de tabla para la tabla `ciudadano`
--

CREATE TABLE `ciudadano` (
  `id` int(11) NOT NULL,
  `tipo_identificacion_id` int(11) DEFAULT NULL,
  `numero_identificacion` int(11) NOT NULL,
  `direccion` varchar(255) COLLATE utf8_unicode_ci NOT NULL,
  `telefono` varchar(255) COLLATE utf8_unicode_ci NOT NULL,
  `correo` varchar(255) COLLATE utf8_unicode_ci NOT NULL,
  `estado` tinyint(1) NOT NULL,
  `fecha_expedicion_documento` datetime NOT NULL,
  `edad` int(11) NOT NULL,
  `genero` varchar(255) COLLATE utf8_unicode_ci NOT NULL,
  `grupo_sanguineo` varchar(255) COLLATE utf8_unicode_ci NOT NULL,
  `direccion_trabajo` varchar(255) COLLATE utf8_unicode_ci NOT NULL,
  `municipio_nacimiento_id` int(11) DEFAULT NULL,
  `municipio_residencia_id` int(11) DEFAULT NULL,
  `primer_nombre` varchar(255) COLLATE utf8_unicode_ci NOT NULL,
  `segundo_nombre` varchar(255) COLLATE utf8_unicode_ci NOT NULL,
  `primer_apellido` varchar(255) COLLATE utf8_unicode_ci NOT NULL,
  `segundo_apellido` varchar(255) COLLATE utf8_unicode_ci NOT NULL
) ENGINE=InnoDB DEFAULT CHARSET=utf8 COLLATE=utf8_unicode_ci;

--
-- Volcado de datos para la tabla `ciudadano`
--

INSERT INTO `ciudadano` (`id`, `tipo_identificacion_id`, `numero_identificacion`, `direccion`, `telefono`, `correo`, `estado`, `fecha_expedicion_documento`, `edad`, `genero`, `grupo_sanguineo`, `direccion_trabajo`, `municipio_nacimiento_id`, `municipio_residencia_id`, `primer_nombre`, `segundo_nombre`, `primer_apellido`, `segundo_apellido`) VALUES
(1, 1, 1085311410, 'manzana c casa 6 ', '3183913046', 'daniel.perezluna94@gmail.com1', 1, '2018-03-15 00:00:00', 20, 'M', '0-', 'm13 c 9 tamasagra', 766, 766, 'edgar', 'david', 'perezz', 'lunaa'),
(13, 2, 11111, 'm13', '314555', 'daniel@daniel.com', 1, '2018-03-14 00:00:00', 25, 'M', '0-', 'm13', 2, 4, 'Daniel', 'Fernando', 'Perez ', 'Luna');

-- --------------------------------------------------------

--
-- Estructura de tabla para la tabla `ciudad_extranjera`
--

CREATE TABLE `ciudad_extranjera` (
  `id` int(11) NOT NULL,
  `nombreCiudadExtranjera` varchar(45) COLLATE utf8_unicode_ci NOT NULL,
  `pais_id` int(11) DEFAULT NULL
) ENGINE=InnoDB DEFAULT CHARSET=utf8 COLLATE=utf8_unicode_ci;

-- --------------------------------------------------------

--
-- Estructura de tabla para la tabla `clase`
--

CREATE TABLE `clase` (
  `id` int(11) NOT NULL,
  `nombre` varchar(255) COLLATE utf8_unicode_ci NOT NULL,
  `codigo_mt` int(11) NOT NULL,
  `estado` tinyint(1) NOT NULL
) ENGINE=InnoDB DEFAULT CHARSET=utf8 COLLATE=utf8_unicode_ci;

--
-- Volcado de datos para la tabla `clase`
--

INSERT INTO `clase` (`id`, `nombre`, `codigo_mt`, `estado`) VALUES
(1, 'AUTOMOVIL', 1, 1),
(2, 'BUS', 2, 1),
(3, 'BUSETA', 3, 1),
(4, 'CAMION', 4, 1),
(5, 'CAMIONETA', 5, 1),
(6, 'CAMPERO', 6, 1),
(7, 'MICROBUS', 7, 1),
(8, 'TRACTOCAMION', 8, 1),
(9, 'MOTOCICLETA', 10, 1),
(10, 'MAQ.AGRICOLA', 11, 1),
(11, 'MAQ.INDUSTRIAL', 12, 1),
(12, 'BICICLETA', 13, 1),
(13, 'MOTOCARRO', 14, 1),
(14, 'TRACCION ANIMAL', 15, 1),
(15, 'MOTOTRICICLO', 17, 1),
(16, 'CUATRIMOTO', 19, 1),
(17, 'REMOLQUE', 24, 1),
(18, 'SEMIREMOLQUE', 41, 1),
(19, 'VOLQUETA', 42, 1);

-- --------------------------------------------------------

--
-- Estructura de tabla para la tabla `color`
--

CREATE TABLE `color` (
  `id` int(11) NOT NULL,
  `nombre` varchar(255) COLLATE utf8_unicode_ci NOT NULL,
  `estado` tinyint(1) NOT NULL
) ENGINE=InnoDB DEFAULT CHARSET=utf8 COLLATE=utf8_unicode_ci;

--
-- Volcado de datos para la tabla `color`
--

INSERT INTO `color` (`id`, `nombre`, `estado`) VALUES
(1, '3RAUM DE TANA', 1),
(2, 'AGUA CRISTAL', 1),
(3, 'AGUA MARINA', 1),
(4, 'AGUAMARINA Y BLANCO', 1),
(5, 'AGUAMARINA Y HABANO', 1),
(6, 'ALASKA METALICO', 1),
(7, 'ALMENDRA', 1),
(8, 'ALUMINIO', 1),
(9, 'ALUMINIO GRANO MEDIO', 1),
(10, 'AMARILL  BLAN. AZUL GRIS  ROJO', 1),
(11, 'AMARILLO', 1),
(12, 'AMARILLO DAKAR', 1),
(13, 'AMBAR METALIZAD', 1),
(14, 'ANARANJADO', 1),
(15, 'ARENA', 1),
(16, 'ARENA DORADA METALIZADO', 1),
(17, 'ARENA MIST', 1),
(18, 'ARENA PLATA', 1),
(19, 'ARENA PLAYA', 1),
(20, 'ARENA ROCK', 1),
(21, 'ARMADA', 1),
(22, 'ASCOT VERDE METALICO', 1),
(23, 'ASPEN SILVER', 1),
(24, 'ASTRO PLATA', 1),
(25, 'ASTRO SILVER', 1),
(26, 'ATLANTIS BLAU', 1),
(27, 'AZUL', 1),
(28, 'AZUL ADRIATICO', 1),
(29, 'AZUL AGUA', 1),
(30, 'AZUL ALBORADA', 1),
(31, 'AZUL AMATISTA', 1),
(32, 'AZUL ATLANTICO', 1),
(33, 'AZUL ATLANTIS', 1),
(34, 'AZUL AVIACION', 1),
(35, 'AZUL BAHIA', 1),
(36, 'AZUL BEIGE', 1),
(37, 'AZUL BLAZE', 1),
(38, 'AZUL BRILLANTE', 1),
(39, 'AZUL BRUMA', 1),
(40, 'AZUL BURITI', 1),
(41, 'AZUL CANCUN', 1),
(42, 'AZUL CARIBE', 1),
(43, 'AZUL CELEDON', 1),
(44, 'AZUL CELESTE', 1),
(45, 'AZUL CIELO', 1),
(46, 'AZUL CLARO', 1),
(47, 'AZUL COBALTO', 1),
(48, 'AZUL CORREAL', 1),
(49, 'AZUL COSMICO', 1),
(50, 'AZUL DANES', 1),
(51, 'AZUL DANUBIO', 1),
(52, 'AZUL ELECTRICO', 1),
(53, 'AZUL FANTASIA', 1),
(54, 'AZUL FIRMAMENTO', 1),
(55, 'AZUL FRESCO', 1),
(56, 'AZUL GENESIS', 1),
(57, 'AZUL GRAVA', 1),
(58, 'AZUL IBIZA', 1),
(59, 'AZUL IMPERIAL', 1),
(60, 'AZUL INDIGO', 1),
(61, 'AZUL INFINITO', 1),
(62, 'AZUL LAGO', 1),
(63, 'AZUL LAGUNA', 1),
(64, 'AZUL LISBOA', 1),
(65, 'AZUL MARINO', 1),
(66, 'AZUL MEDITERRAN', 1),
(67, 'AZUL METAL', 1),
(68, 'AZUL MICA', 1),
(69, 'AZUL MONACO', 1),
(70, 'AZUL MONTEVIDEO', 1),
(71, 'AZUL MOONLIGTH', 1),
(72, 'AZUL NAUTICO', 1),
(73, 'AZUL NAVAL', 1),
(74, 'AZUL NAVY', 1),
(75, 'AZUL NEVADO', 1),
(76, 'AZUL NIAGARA', 1),
(77, 'AZUL NIEBLA', 1),
(78, 'AZUL NOCTURNO', 1),
(79, 'AZUL OSCURO', 1),
(80, 'AZUL OSFORD', 1),
(81, 'AZUL PACIFICO', 1),
(82, 'AZUL PANTERA', 1),
(83, 'AZUL PERLA', 1),
(84, 'AZUL PERLECENTE', 1),
(85, 'AZUL PETROLEO', 1),
(86, 'AZUL POLICROMAD', 1),
(87, 'AZUL RIVIERA', 1),
(88, 'AZUL ROYAL', 1),
(89, 'AZUL SAJON', 1),
(90, 'AZUL SANTIAGO', 1),
(91, 'AZUL SIDNEY', 1),
(92, 'AZUL SUPERIOR', 1),
(93, 'AZUL TINTA', 1),
(94, 'AZUL TORMENTA', 1),
(95, 'AZUL TURQUEZA', 1),
(96, 'AZUL VERDOSO', 1),
(97, 'AZUL VIOLETA', 1),
(98, 'AZUL VOLTIO', 1),
(99, 'AZUL WINDSOR', 1),
(100, 'AZUL Y', 1),
(101, 'AZUL Y MARFIL', 1),
(102, 'AZUL Y ROJO', 1),
(103, 'AZUL ZAFIRO', 1),
(104, 'AZURIT AZUL METALICO ', 1),
(105, 'BASE AZUL MEDIO METAL.', 1),
(106, 'BASE PLATA METAL.', 1),
(107, 'BASE VERDE CLARO', 1),
(108, 'BCO AMARILLO VERDE NARANJ', 1),
(109, 'BCO SEVRES FJ AZUL ROJO VERDE ', 1),
(110, 'BCO VERDE AMARIL  NARAN', 1),
(111, 'BCO.NARANJA ZAPOTE', 1),
(112, 'BEIGE', 1),
(113, 'BEIGE ALABASTRO', 1),
(114, 'BEIGE CARRARA', 1),
(115, 'BEIGE CHAMPANA', 1),
(116, 'BEIGE CINZA', 1),
(117, 'BEIGE CLARO', 1),
(118, 'BEIGE DUNA', 1),
(119, 'BEIGE FRASER', 1),
(120, 'BEIGE HUESO', 1),
(121, 'BEIGE IMPALA', 1),
(122, 'BEIGE JIZAN', 1),
(123, 'BEIGE MARFIL', 1),
(124, 'BEIGE MARRON', 1),
(125, 'BEIGE MAYFAIR', 1),
(126, 'BEIGE OSCURO', 1),
(127, 'BEIGE PHENICIEN', 1),
(128, 'BEIGE SAHARA', 1),
(129, 'BEIGE TOUCSON', 1),
(130, 'BELL FLOWER', 1),
(131, 'BERMELLON', 1),
(132, 'BLAN  AZUL ROJ VERD AMAR Y NAR', 1),
(133, 'BLANC.FJA.NEGRA ROJA AMARILLA', 1),
(134, 'BLANCA Y CRUZ ROJA', 1),
(135, 'BLANCO', 1),
(136, 'BLANCO  FJA VERDE AZUL NARAN', 1),
(137, 'BLANCO / PLATA COOL', 1),
(138, 'BLANCO ALABASTO', 1),
(139, 'BLANCO ALABASTRO', 1),
(140, 'BLANCO ALASKA', 1),
(141, 'BLANCO ALPINO', 1),
(142, 'BLANCO AMARILLO AZUL Y ROJO', 1),
(143, 'BLANCO AMARILLO NARANJA', 1),
(144, 'BLANCO AMARILLO ROJO Y AZUL', 1),
(145, 'BLANCO AMARILLO VERDE Y ROJO', 1),
(146, 'BLANCO AMARILLO Y AZUL', 1),
(147, 'BLANCO AMARILLO Y FJA AZUL ', 1),
(148, 'BLANCO AMARILLO Y GRIS', 1),
(149, 'BLANCO AMARILLO Y MANDARINA', 1),
(150, 'BLANCO AMARILLO Y NEGRO', 1),
(151, 'BLANCO AMARILLO Y ROJO', 1),
(152, 'BLANCO AMARILLO Y VERDE', 1),
(153, 'BLANCO ANDINO', 1),
(154, 'BLANCO ANTARTIDA', 1),
(155, 'BLANCO APERLADO', 1),
(156, 'BLANCO ARAYA', 1),
(157, 'BLANCO ARCO', 1),
(158, 'BLANCO ARCO BICAPA', 1),
(159, 'BLANCO ARTICO', 1),
(160, 'BLANCO ARTICO AZUL DANES', 1),
(161, 'BLANCO ARTICO FJA AZUL', 1),
(162, 'BLANCO ARTICO VERDE AGUA', 1),
(163, 'BLANCO ARTICO VERDE SELVA', 1),
(164, 'BLANCO ARTICO Y AZUL OCEANO', 1),
(165, 'BLANCO ARTICO Y ROJO SEVILLA', 1),
(166, 'BLANCO ARTICO/VERDE MANZANA', 1),
(167, 'BLANCO AURORA', 1),
(168, 'BLANCO AZUL GRIS', 1),
(169, 'BLANCO AZUL NEGRO AMARILLO ROJ', 1),
(170, 'BLANCO AZUL PERLADO', 1),
(171, 'BLANCO AZUL ROJO Y VERDE', 1),
(172, 'BLANCO AZUL ROSADO VERDE', 1),
(173, 'BLANCO AZUL VERDE Y FUCSIA', 1),
(174, 'BLANCO AZUL Y CAFE', 1),
(175, 'BLANCO AZUL Y NARANJA', 1),
(176, 'BLANCO AZUL Y ROJO', 1),
(177, 'BLANCO AZUL Y ROJO BERMELLON', 1),
(178, 'BLANCO AZUL Y TOMATE', 1),
(179, 'BLANCO AZUL Y VERDE', 1),
(180, 'BLANCO AZUL ZAPOTE', 1),
(181, 'BLANCO BANCHISA', 1),
(182, 'BLANCO BANQUISA', 1),
(183, 'BLANCO BANQUISE METALICO', 1),
(184, 'BLANCO BANQUISE PASTEL', 1),
(185, 'BLANCO BANQUISEN', 1),
(186, 'BLANCO BANQUIST', 1),
(187, 'BLANCO BEIGE ', 1),
(188, 'BLANCO BEIGE METALIZADO', 1),
(189, 'BLANCO BERMELLON', 1),
(190, 'BLANCO BERMELLON Y AZUL', 1),
(191, 'BLANCO BICAPA', 1),
(192, 'BLANCO BLANQUISE METALICO', 1),
(193, 'BLANCO BRANCHIS', 1),
(194, 'BLANCO BRILLANTE', 1),
(195, 'BLANCO BRUMA', 1),
(196, 'BLANCO CAFE FR AMARILLA VERDE', 1),
(197, 'BLANCO CAFE Y AMARILLO', 1),
(198, 'BLANCO CALIMA', 1),
(199, 'BLANCO CALMA', 1),
(200, 'BLANCO CAMPANELLA', 1),
(201, 'BLANCO CASABLANCA', 1),
(202, 'BLANCO CELTA', 1),
(203, 'BLANCO CHAWTON', 1),
(204, 'BLANCO CLARO', 1),
(205, 'BLANCO CLASICO', 1),
(206, 'BLANCO CON ALUMINIO', 1),
(207, 'BLANCO CON GAMAS VERDE DORADO', 1),
(208, 'BLANCO COOL', 1),
(209, 'BLANCO CREMA', 1),
(210, 'BLANCO CREMA FR ZAPOTE AMARILL', 1),
(211, 'BLANCO CREMA NARANJA Y VERDE ', 1),
(212, 'BLANCO CREMA Y FR AZUL', 1),
(213, 'BLANCO CREMA Y ROJO', 1),
(214, 'BLANCO CREMA Y VERDE', 1),
(215, 'BLANCO CRISTAL', 1),
(216, 'BLANCO CRISTAL BRILLANTE', 1),
(217, 'BLANCO CRISTAL FJA. NEGRA', 1),
(218, 'BLANCO D SEVRES', 1),
(219, 'BLANCO DIAMANTE', 1),
(220, 'BLANCO DORADO', 1),
(221, 'BLANCO ENGINE', 1),
(222, 'BLANCO ESCARCHA', 1),
(223, 'BLANCO ESCOTIA', 1),
(224, 'BLANCO FAIRY', 1),
(225, 'BLANCO FARRI', 1),
(226, 'BLANCO FEVRES', 1),
(227, 'BLANCO FJ NAR, VERDE  AMARILLO', 1),
(228, 'BLANCO FJ ROJA AZUL Y AMARILLA', 1),
(229, 'BLANCO FJ VERDE Y ROJO', 1),
(230, 'BLANCO FJA  AMAR  NEGRA  VERD', 1),
(231, 'BLANCO FJA  AZUL Y VERDE', 1),
(232, 'BLANCO FJA A COLORES', 1),
(233, 'BLANCO FJA AMARILLA Y VERDE', 1),
(234, 'BLANCO FJA AMARILLO', 1),
(235, 'BLANCO FJA AMARILLO VERDE Y RO', 1),
(236, 'BLANCO FJA AZUL VERDE Y ROJA', 1),
(237, 'BLANCO FJA AZUL Y NARANJA', 1),
(238, 'BLANCO FJA AZUL Y NEGRO', 1),
(239, 'BLANCO FJA AZUL Y ROJO', 1),
(240, 'BLANCO FJA MARRON ROJO NARANJA', 1),
(241, 'BLANCO FJA NARANJ VERDE AMARIL', 1),
(242, 'BLANCO FJA NARANJA Y AZULES', 1),
(243, 'BLANCO FJA NEGRA', 1),
(244, 'BLANCO FJA NEGRA Y AMARILLA', 1),
(245, 'BLANCO FJA NEGRO ROJO AMARILLO', 1),
(246, 'BLANCO FJA ROJA AMARI Y NEGRA', 1),
(247, 'BLANCO FJA ROJA NARANJA', 1),
(248, 'BLANCO FJA ROJA NARANJA NEGRO', 1),
(249, 'BLANCO FJA ROJO', 1),
(250, 'BLANCO FJA ROJO AMARI  VERDE', 1),
(251, 'BLANCO FJA ROJO Y NEGRO', 1),
(252, 'BLANCO FJA VERDE', 1),
(253, 'BLANCO FJA VERDE AMARI NARAN', 1),
(254, 'BLANCO FJA VERDE NARANJA', 1),
(255, 'BLANCO FJA VERDE NEGRO AMARILL', 1),
(256, 'BLANCO FJA VERDE ROJO Y AZUL', 1),
(257, 'BLANCO FJA VERDE Y AMARILLO', 1),
(258, 'BLANCO FJA VERDE Y CAFE', 1),
(259, 'BLANCO FJA VERDE Y NEGRO', 1),
(260, 'BLANCO FJA ZAPOTE', 1),
(261, 'BLANCO FJA ZAPOTE VERDE AZUL', 1),
(262, 'BLANCO FJA. VERDE ROJO Y AZUL', 1),
(263, 'BLANCO FJAS AMAR ROJAS Y AZUL', 1),
(264, 'BLANCO FJAS AZUL ROJO Y VERDE', 1),
(265, 'BLANCO FJAS ROJAS Y VERDES', 1),
(266, 'BLANCO FJAS ROJO AMA Y VERDE', 1),
(267, 'BLANCO FJAS VERDE AMAR NARAN', 1),
(268, 'BLANCO FJAS VERDE AMARILLO NEG', 1),
(269, 'BLANCO FJAS VERDE Y DORADO', 1),
(270, 'BLANCO FJAS VERDES ', 1),
(271, 'BLANCO FORMULA', 1),
(272, 'BLANCO FR AMARILLA VERDE ROJA', 1),
(273, 'BLANCO FRJ VERDE Y ROJA', 1),
(274, 'BLANCO FRJA AMARILLA VERDE NAR', 1),
(275, 'BLANCO GALAXIA', 1),
(276, 'BLANCO GAMAS VERDE Y DORADO', 1),
(277, 'BLANCO GANDY', 1),
(278, 'BLANCO GEADA', 1),
(279, 'BLANCO GLACIAL', 1),
(280, 'BLANCO GRANITO', 1),
(281, 'BLANCO GRIS', 1),
(282, 'BLANCO GRIS AZUL VERDE', 1),
(283, 'BLANCO GRIS Y VERDE', 1),
(284, 'BLANCO HIELO', 1),
(285, 'BLANCO HUESO', 1),
(286, 'BLANCO LOGO AZUL VERDE Y GRIS', 1),
(287, 'BLANCO LOTUS', 1),
(288, 'BLANCO LOTUS Y AZUL', 1),
(289, 'BLANCO MAHLER', 1),
(290, 'BLANCO MALHER', 1),
(291, 'BLANCO MANZANA', 1),
(292, 'BLANCO MARFIL', 1),
(293, 'BLANCO MARFIL VERDE', 1),
(294, 'BLANCO MARFIL VERDE ESMERALDA', 1),
(295, 'BLANCO MARFIL VERDE TURQUESA', 1),
(296, 'BLANCO MARFIL Y GRIS', 1),
(297, 'BLANCO MARFIL Y NEGRO', 1),
(298, 'BLANCO MARRON Y ZAPOTE', 1),
(299, 'BLANCO MEIGE', 1),
(300, 'BLANCO METALIZADO', 1),
(301, 'BLANCO NAR VERD Y AMARI', 1),
(302, 'BLANCO NARAN FJA NEG Y ROJA', 1),
(303, 'BLANCO NARANJA', 1),
(304, 'BLANCO NARANJA AZUL VERDE', 1),
(305, 'BLANCO NARANJA VERDE TURQUESA', 1),
(306, 'BLANCO NARANJA Y AZUL', 1),
(307, 'BLANCO NARANJA Y FJA VERDE', 1),
(308, 'BLANCO NARANJA Y NEGRO', 1),
(309, 'BLANCO NARANJA Y VERDE', 1),
(310, 'BLANCO NEGRO Y GRIS', 1),
(311, 'BLANCO NEGRO Y HABANO', 1),
(312, 'BLANCO NEGRO Y NIQUEL', 1),
(313, 'BLANCO NEGRO Y ROJO', 1),
(314, 'BLANCO NEGRO Y VERDE', 1),
(315, 'BLANCO NEPAL', 1),
(316, 'BLANCO NEVADO', 1),
(317, 'BLANCO NEVADO BICAPA', 1),
(318, 'BLANCO NIEVE', 1),
(319, 'BLANCO NIEVE FJA AZUL ROJA', 1),
(320, 'BLANCO NIEVE METALICO', 1),
(321, 'BLANCO NOBLE', 1),
(322, 'BLANCO NORUEGO', 1),
(323, 'BLANCO OLIVA', 1),
(324, 'BLANCO ORION', 1),
(325, 'BLANCO OXFORD', 1),
(326, 'BLANCO PAPIRO', 1),
(327, 'BLANCO PAPIZO', 1),
(328, 'BLANCO PERLA', 1),
(329, 'BLANCO PERLA METALIZADO', 1),
(330, 'BLANCO PERLADO', 1),
(331, 'BLANCO PERLADO Y DORADO', 1),
(332, 'BLANCO PIEDRA', 1),
(333, 'BLANCO PLANO', 1),
(334, 'BLANCO PLATA', 1),
(335, 'BLANCO POLAR', 1),
(336, 'BLANCO POLAR Y ROJO SEV.', 1),
(337, 'BLANCO PORCELANA', 1),
(338, 'BLANCO PREMIUN', 1),
(339, 'BLANCO PURO', 1),
(340, 'BLANCO ROJO AMARI VERDE', 1),
(341, 'BLANCO ROJO AZUL FJA AMARILLA', 1),
(342, 'BLANCO ROJO AZUL Y AMAR.', 1),
(343, 'BLANCO ROJO AZUL Y VERDE', 1),
(344, 'BLANCO ROJO FJA AMARILLO', 1),
(345, 'BLANCO ROJO MARRON GRIS Y NEGR', 1),
(346, 'BLANCO ROJO METALIZADO', 1),
(347, 'BLANCO ROJO NARANAJA NEGRO DOR', 1),
(348, 'BLANCO ROJO NEGRO GRIS', 1),
(349, 'BLANCO ROJO VERDE Y AMAR.', 1),
(350, 'BLANCO ROJO VERDE Y AZUL', 1),
(351, 'BLANCO ROJO VERDE Y NEGRO', 1),
(352, 'BLANCO ROJO Y AMARILLO', 1),
(353, 'BLANCO ROJO Y AZUL', 1),
(354, 'BLANCO ROJO Y CREMA', 1),
(355, 'BLANCO ROJO Y NEGRO', 1),
(356, 'BLANCO ROJO Y VERDE', 1),
(357, 'BLANCO ROSS', 1),
(358, 'BLANCO SAL', 1),
(359, 'BLANCO SCOTIA', 1),
(360, 'BLANCO SEVRES', 1),
(361, 'BLANCO SIBERIA', 1),
(362, 'BLANCO SILKY', 1),
(363, 'BLANCO SOFIA', 1),
(364, 'BLANCO SOLIDO', 1),
(365, 'BLANCO SOLIDO GRIS NEBLINA', 1),
(366, 'BLANCO SOPHIA PLATA LA GUARDIA', 1),
(367, 'BLANCO TAFFETA', 1),
(368, 'BLANCO TITANIO', 1),
(369, 'BLANCO TRIGO', 1),
(370, 'BLANCO VERDE', 1),
(371, 'BLANCO VERDE ACEITUNA METAL', 1),
(372, 'BLANCO VERDE AMARILLO AZUL', 1),
(373, 'BLANCO VERDE AMARILLO NARANJA', 1),
(374, 'BLANCO VERDE AMARILLO Y ROJO', 1),
(375, 'BLANCO VERDE AZUL', 1),
(376, 'BLANCO VERDE AZUL Y ROJO', 1),
(377, 'BLANCO VERDE FRA AZUL ROJA ', 1),
(378, 'BLANCO VERDE FRJ NARANJA', 1),
(379, 'BLANCO VERDE NARANJA Y AZUL', 1),
(380, 'BLANCO VERDE NARANJA Y ROJO', 1),
(381, 'BLANCO VERDE ROJO', 1),
(382, 'BLANCO VERDE ROJO Y AZUL', 1),
(383, 'BLANCO VERDE ROJO Y NEGRO', 1),
(384, 'BLANCO VERDE Y AMARILLO', 1),
(385, 'BLANCO VERDE Y AZUL', 1),
(386, 'BLANCO VERDE Y GRIS', 1),
(387, 'BLANCO VERDE Y HABANO', 1),
(388, 'BLANCO VERDE Y NARANJA', 1),
(389, 'BLANCO VERDE Y VINOTINTO', 1),
(390, 'BLANCO VERDE Y ZAPOTE ', 1),
(391, 'BLANCO VERDE ZAPOTE Y PLATEADO', 1),
(392, 'BLANCO VINO TINTO', 1),
(393, 'BLANCO VINOTINTO Y GRIS', 1),
(394, 'BLANCO VIOLETA', 1),
(395, 'BLANCO Y', 1),
(396, 'BLANCO Y  ZANAHORIA', 1),
(397, 'BLANCO Y AMARILLO', 1),
(398, 'BLANCO Y AZUL', 1),
(399, 'BLANCO Y AZUL TURQUEZA', 1),
(400, 'BLANCO Y BEIGE', 1),
(401, 'BLANCO Y CAFE', 1),
(402, 'BLANCO Y CORAL', 1),
(403, 'BLANCO Y CREMA', 1),
(404, 'BLANCO Y DIVERSOS COLORES', 1),
(405, 'BLANCO Y DURAZNO', 1),
(406, 'BLANCO Y FJ AZUL MARFIL Y ROJA', 1),
(407, 'BLANCO Y FJA NEGRO', 1),
(408, 'BLANCO Y FRANJA AZUL', 1),
(409, 'BLANCO Y FUCSIA', 1),
(410, 'BLANCO Y GRIS', 1),
(411, 'BLANCO Y GRIS METALIZADO', 1),
(412, 'BLANCO Y GRIS PLATINO', 1),
(413, 'BLANCO Y HABANO', 1),
(414, 'BLANCO Y LILA', 1),
(415, 'BLANCO Y MARFIL', 1),
(416, 'BLANCO Y MARRON', 1),
(417, 'BLANCO Y MORADO', 1),
(418, 'BLANCO Y NARANJA', 1),
(419, 'BLANCO Y NEGRO', 1),
(420, 'BLANCO Y NIQUEL', 1),
(421, 'BLANCO Y PLATEADO METALICO', 1),
(422, 'BLANCO Y PURPURA', 1),
(423, 'BLANCO Y ROJO', 1),
(424, 'BLANCO Y ROJO CANABAL', 1),
(425, 'BLANCO Y ROSADO', 1),
(426, 'BLANCO Y VERDE', 1),
(427, 'BLANCO Y VERDE 3 TONOS', 1),
(428, 'BLANCO Y VERDE ESMERALDA', 1),
(429, 'BLANCO Y VERDE FRANJA NARANJA', 1),
(430, 'BLANCO Y VERDE METALIZADO', 1),
(431, 'BLANCO Y VERDE TURQUESA', 1),
(432, 'BLANCO Y VINILO NEGRO', 1),
(433, 'BLANCO Y VINOTINTO', 1),
(434, 'BLANCO Y VIOLETA', 1),
(435, 'BLANCO Y ZAPOTE', 1),
(436, 'BLANCO Y/O VERDE', 1),
(437, 'BLANCO ZEUS', 1),
(438, 'BLANCO/PLATA', 1),
(439, 'BLUISH RED', 1),
(440, 'BRAUM CASTILLA', 1),
(441, 'BRAUM METALIZAD', 1),
(442, 'BRILLANTROT', 1),
(443, 'BRONCE', 1),
(444, 'BRONCE APOLO', 1),
(445, 'BRONCE MARFIL CAFE', 1),
(446, 'BRONCE Y BLANCO', 1),
(447, 'BRONCE Y MARFIL', 1),
(448, 'BRUND DE TANA', 1),
(449, 'BURDEO METALICO', 1),
(450, 'CAFE', 1),
(451, 'CAFE BEIGE', 1),
(452, 'CAFE MARRON', 1),
(453, 'CAMUFLADO', 1),
(454, 'CANELA', 1),
(455, 'CAOBA', 1),
(456, 'CAOBA REAL', 1),
(457, 'CAOBA Y HABANO', 1),
(458, 'CAPE BLUE', 1),
(459, 'CARDO', 1),
(460, 'CARDO PLATEADO', 1),
(461, 'CARMELITA', 1),
(462, 'CARMELITO PLATE', 1),
(463, 'CARNAUBA', 1),
(464, 'CARRIGADA', 1),
(465, 'CASHMERE', 1),
(466, 'CELESTE METALIC', 1),
(467, 'CELESTE METALIZADO', 1),
(468, 'CENIZA EJECUTIVO', 1),
(469, 'CENIZA GRAFITO', 1),
(470, 'CEREZA', 1),
(471, 'CEREZA ROJA', 1),
(472, 'CEREZO OTO¥AL METALIZADO', 1),
(473, 'CHAMPAGNA', 1),
(474, 'CHAMPAGNE CLARO', 1),
(475, 'CHAMPAGNE POLY', 1),
(476, 'CHAMPANA', 1),
(477, 'CHAMPANA METALI', 1),
(478, 'CHAMPA¥A', 1),
(479, 'CHAMPA¥A CLARO', 1),
(480, 'CHAMPA¥A DORADO', 1),
(481, 'CHAMPA¥A METALIZADO', 1),
(482, 'CHAMPA¥A METALIZADO Y BLANCO', 1),
(483, 'CHAMPA¥A MICA METALICA', 1),
(484, 'CHAMPA¥A PERLADO', 1),
(485, 'CHAMPA¥A Y BLANCO', 1),
(486, 'CHAMPA¥A Y CAFE', 1),
(487, 'CHAMPA¥A Y GRIS', 1),
(488, 'CHAMPA¥A Y GRIS PLOMO METAL.', 1),
(489, 'CHAMPA¥A Y NARANJA', 1),
(490, 'CHAMPA¥A Y NEGRO', 1),
(491, 'CHERRYRED', 1),
(492, 'CILICE TORNADO', 1),
(493, 'CINZA EJECUTIVO', 1),
(494, 'CINZA GRAFITO', 1),
(495, 'CITRONELLA', 1),
(496, 'CLEAN SILVER', 1),
(497, 'COBRE', 1),
(498, 'COBRE METALIZAD', 1),
(499, 'COBRIZO METALICO', 1),
(500, 'COHET', 1),
(501, 'CORAL', 1),
(502, 'CORAL Y MARFIL', 1),
(503, 'CORAL Y NEGRO', 1),
(504, 'CREMA', 1),
(505, 'CROMADA Y NEGRA', 1),
(506, 'CROMO', 1),
(507, 'CROMO Y PLATEADO', 1),
(508, 'CROMO Y VINOTINTO', 1),
(509, 'CURUBA', 1),
(510, 'CURUBA MANDARINA Y NEGRO', 1),
(511, 'CURUBA Y CREMA', 1),
(512, 'DIAMANTE HIELO', 1),
(513, 'DORADO', 1),
(514, 'DOS TONOS', 1),
(515, 'DURAZNO Y MARFIL', 1),
(516, 'DUSTY', 1),
(517, 'EPSON GREEN MIC', 1),
(518, 'ESCARLATA', 1),
(519, 'ESMERAL GREEN', 1),
(520, 'ESMERALDA', 1),
(521, 'ESMERALDA ROJO FERRARI', 1),
(522, 'ESMERALDA ROJO FORMULA', 1),
(523, 'ESTA¥O SATINADO', 1),
(524, 'ESTRACTO DORADO', 1),
(525, 'ESTRATO PERLA', 1),
(526, 'FIRBLANCO', 1),
(527, 'FJORD GRAW', 1),
(528, 'FRAMBUESA', 1),
(529, 'FRESA', 1),
(530, 'FUCSIA', 1),
(531, 'GAMUZA', 1),
(532, 'GLACIER SILVER', 1),
(533, 'GRAFITO', 1),
(534, 'GRAFITO METALIZADO ', 1),
(535, 'GRAFITO SPARKLI', 1),
(536, 'GRAFITO Y CHAMPA¥A', 1),
(537, 'GRAFITO Y NEGRO', 1),
(538, 'GRANATE', 1),
(539, 'GRANATE MALVA', 1),
(540, 'GRANET MOUVE', 1),
(541, 'GRANGE GOLM', 1),
(542, 'GRANITO GRANITO', 1),
(543, 'GRAY', 1),
(544, 'GRIS', 1),
(545, 'GRIS ALBORADA', 1),
(546, 'GRIS AMTISTA', 1),
(547, 'GRIS ANDINO', 1),
(548, 'GRIS ARENA', 1),
(549, 'GRIS ASTRAL', 1),
(550, 'GRIS AZULOSO', 1),
(551, 'GRIS BASALTE', 1),
(552, 'GRIS CENIZA', 1),
(553, 'GRIS CENTELLA', 1),
(554, 'GRIS CLASICO', 1),
(555, 'GRIS CONSTEL.', 1),
(556, 'GRIS CUARZO', 1),
(557, 'GRIS CUMBERLAND', 1),
(558, 'GRIS GRAFITO', 1),
(559, 'GRIS GRANITO', 1),
(560, 'GRIS HUMO', 1),
(561, 'GRIS ICEBERS', 1),
(562, 'GRIS LILA', 1),
(563, 'GRIS MAGNUM', 1),
(564, 'GRIS MEDIO', 1),
(565, 'GRIS NEPTUNO', 1),
(566, 'GRIS NOBLE', 1),
(567, 'GRIS NOBRE', 1),
(568, 'GRIS OSCURO', 1),
(569, 'GRIS PASION', 1),
(570, 'GRIS PERLADO', 1),
(571, 'GRIS PIEDRA', 1),
(572, 'GRIS PLATA', 1),
(573, 'GRIS PLATINO', 1),
(574, 'GRIS PLOMO', 1),
(575, 'GRIS PLUTON', 1),
(576, 'GRIS RATON', 1),
(577, 'GRIS ROCA', 1),
(578, 'GRIS SANDALO', 1),
(579, 'GRIS STEEL', 1),
(580, 'GRIS THURSTOM', 1),
(581, 'GRIS TIERRA', 1),
(582, 'GRIS TINTA', 1),
(583, 'GRIS TITAN', 1),
(584, 'GRIS TRUENO', 1),
(585, 'GRIS TUNGSTENO', 1),
(586, 'GRIS XERUX', 1),
(587, 'GRIS Y', 1),
(588, 'GRUG MAGNUN', 1),
(589, 'GRYLYNE', 1),
(590, 'GUAYABA', 1),
(591, 'GUAYABA Y MARFIL', 1),
(592, 'HABANO', 1),
(593, 'HIPH RED', 1),
(594, 'HOJA SECA', 1),
(595, 'JADE', 1),
(596, 'KAKY NATURAL', 1),
(597, 'LADRILLO', 1),
(598, 'LAVANDA', 1),
(599, 'LAVANDA MICA', 1),
(600, 'LILA', 1),
(601, 'LILA BLANCO', 1),
(602, 'LIRIO AZUL', 1),
(603, 'LOBELIA', 1),
(604, 'LOIRE GREEN', 1),
(605, 'MADERA', 1),
(606, 'MADERA CENIZA', 1),
(607, 'MADERA OSCURO', 1),
(608, 'MADERA SANDALO', 1),
(609, 'MAGENTA', 1),
(610, 'MAGENTA MICA', 1),
(611, 'MAGNESIO', 1),
(612, 'MALAQUITA', 1),
(613, 'MALVA METALICO', 1),
(614, 'MANDARINA', 1),
(615, 'MARFIL', 1),
(616, 'MARFIL ROJO', 1),
(617, 'MARRON', 1),
(618, 'MARRON ACERO', 1),
(619, 'MED POLYNESIAN', 1),
(620, 'MERCURIO PLATA', 1),
(621, 'METALICO MARRON OSCURO', 1),
(622, 'MOJAVE MIST', 1),
(623, 'MORA OSCURO', 1),
(624, 'MORADO', 1),
(625, 'MORADO CORDOBES', 1),
(626, 'MOSTAZA', 1),
(627, 'NAPLES GOLD', 1),
(628, 'NARANJA', 1),
(629, 'NARANJA OTONAL', 1),
(630, 'NEGRO', 1),
(631, 'NEGRO AZULADO', 1),
(632, 'NEGRO BEIGE', 1),
(633, 'NEGRO CUARZO', 1),
(634, 'NEGRO DIAMANTE', 1),
(635, 'NEGRO ECLIPSE', 1),
(636, 'NEGRO FORESTAL', 1),
(637, 'NEGRO PERLADO', 1),
(638, 'NEGRO UNIVERSAL', 1),
(639, 'NIAGARA', 1),
(640, 'NIAGARA TURQUEZA', 1),
(641, 'NIAGARA Y MARFIL', 1),
(642, 'NIQUEL', 1),
(643, 'NOBLE WHITE', 1),
(644, 'NUEZ METALICO', 1),
(645, 'OCRE', 1),
(646, 'OCRE DAMASCO', 1),
(647, 'OCRE MOSTAZA', 1),
(648, 'OCRE OSCURO', 1),
(649, 'OCRE Y NEGRO', 1),
(650, 'OLIVA', 1),
(651, 'OLIVA MARFIL', 1),
(652, 'OLIVA SELVA', 1),
(653, 'OLIVA Y BEIGE', 1),
(654, 'OLIVA Y MARFIL', 1),
(655, 'OPAL METALLIC', 1),
(656, 'ORANGE GOLD METALIZADO', 1),
(657, 'ORO', 1),
(658, 'ORO SIERRA', 1),
(659, 'ORO SINU', 1),
(660, 'PALE OAK', 1),
(661, 'PALO DE ROSA', 1),
(662, 'PARDO DORADO', 1),
(663, 'PARDO LAGUNA', 1),
(664, 'PASTEL BLANCO', 1),
(665, 'PASTEL BLANCO BANQUISE', 1),
(666, 'PASTEL NEGRO ONIX', 1),
(667, 'PENNINE', 1),
(668, 'PERLA', 1),
(669, 'PLATA', 1),
(670, 'PLATA  CRYOLITE', 1),
(671, 'PLATA  STARLIGHT', 1),
(672, 'PLATA / PLATA QUEENS', 1),
(673, 'PLATA AHUMADO', 1),
(674, 'PLATA AHUMADO METALIZADO', 1),
(675, 'PLATA ALUMINICA', 1),
(676, 'PLATA ARABE', 1),
(677, 'PLATA ARENA', 1),
(678, 'PLATA ARIAL', 1),
(679, 'PLATA ARIANNE', 1),
(680, 'PLATA ASTRO', 1),
(681, 'PLATA ASTRO METALIZADA', 1),
(682, 'PLATA AUTENTICO', 1),
(683, 'PLATA AZULADO', 1),
(684, 'PLATA AZULOSO', 1),
(685, 'PLATA AZULOSO METALICO', 1),
(686, 'PLATA BLANCO', 1),
(687, 'PLATA BREZO', 1),
(688, 'PLATA BRILLANTE', 1),
(689, 'PLATA CASHEMERE', 1),
(690, 'PLATA CASIMIR', 1),
(691, 'PLATA CENIZA', 1),
(692, 'PLATA CLARO', 1),
(693, 'PLATA COOL', 1),
(694, 'PLATA COOL GRIS', 1),
(695, 'PLATA CRISTAL', 1),
(696, 'PLATA DESTELLANTE', 1),
(697, 'PLATA DIAMANTE', 1),
(698, 'PLATA ELEGANTE', 1),
(699, 'PLATA ESCUNA ', 1),
(700, 'PLATA EXTRACTO', 1),
(701, 'PLATA FINA', 1),
(702, 'PLATA FRESCO', 1),
(703, 'PLATA FRESCO/GRIS OSCURO', 1),
(704, 'PLATA GALACTICO', 1),
(705, 'PLATA GRANITO', 1),
(706, 'PLATA GRIS OSCURO', 1),
(707, 'PLATA GRIS Y AZUL MARINO', 1),
(708, 'PLATA GRISACEO', 1),
(709, 'PLATA HAMILTON', 1),
(710, 'PLATA IBIUNA', 1),
(711, 'PLATA ICE', 1),
(712, 'PLATA IMPERIAL', 1),
(713, 'PLATA INDIGO', 1),
(714, 'PLATA INTENSO', 1),
(715, 'PLATA LA GUARDIA', 1),
(716, 'PLATA LIGHT', 1),
(717, 'PLATA LIMPIA', 1),
(718, 'PLATA LUNAR', 1),
(719, 'PLATA MERCURIO', 1),
(720, 'PLATA MERCURIO METALIZ.', 1),
(721, 'PLATA METAL', 1),
(722, 'PLATA METALIZAD', 1),
(723, 'PLATA METEORO', 1),
(724, 'PLATA MICA', 1),
(725, 'PLATA NACAR', 1),
(726, 'PLATA NACARADO', 1),
(727, 'PLATA NEUTRAL', 1),
(728, 'PLATA NIQUEL', 1),
(729, 'PLATA NIQUEL/ GRIS PLOMO METAL', 1),
(730, 'PLATA NIQUEL/GRIS PLOMO', 1),
(731, 'PLATA NUBE', 1),
(732, 'PLATA NUEVO', 1),
(733, 'PLATA OCASO', 1),
(734, 'PLATA ORQUIDEA', 1),
(735, 'PLATA PASTEL', 1),
(736, 'PLATA PERLADO', 1),
(737, 'PLATA PERLADO METAL', 1),
(738, 'PLATA PERLECENTE', 1),
(739, 'PLATA PLATA QUEENS', 1),
(740, 'PLATA POLAR', 1),
(741, 'PLATA REFLEJO', 1),
(742, 'PLATA REFLEX', 1),
(743, 'PLATA REGENT', 1),
(744, 'PLATA SANDSTONE', 1),
(745, 'PLATA SATELITE', 1),
(746, 'PLATA SATIN', 1),
(747, 'PLATA SATINADO', 1),
(748, 'PLATA SEBRING', 1),
(749, 'PLATA SHORELINE', 1),
(750, 'PLATA SIERRA', 1),
(751, 'PLATA SIERRA METALIZADO', 1),
(752, 'PLATA SORRENTO', 1),
(753, 'PLATA STARLIGHT', 1),
(754, 'PLATA SYMPHONIC', 1),
(755, 'PLATA TECNO', 1),
(756, 'PLATA TITAN', 1),
(757, 'PLATA TITANIO', 1),
(758, 'PLATA TITANIUM', 1),
(759, 'PLATA TOPAZ', 1),
(760, 'PLATA TORNASOL', 1),
(761, 'PLATA TRIGO', 1),
(762, 'PLATA VEGA', 1),
(763, 'PLATA VIEJA', 1),
(764, 'PLATA VINOTINTO', 1),
(765, 'PLATA VOGUE', 1),
(766, 'PLATA WARM', 1),
(767, 'PLATA Y', 1),
(768, 'PLATA Y ROJO VINO', 1),
(769, 'PLATA/AZUL', 1),
(770, 'PLATA/GRIS', 1),
(771, 'PLATEADO', 1),
(772, 'PLATEADO GALAX.', 1),
(773, 'PLATEADO SOLARI', 1),
(774, 'PLATINIUM', 1),
(775, 'PLOMO', 1),
(776, 'PLOMO PERLADO', 1),
(777, 'PRESTIGE SILVER', 1),
(778, 'PURPURA', 1),
(779, 'PURPURA METAL.', 1),
(780, 'PURPURA METALIZADO ', 1),
(781, 'RASBERRY', 1),
(782, 'RIO TOMATO MICA', 1),
(783, 'ROBLE', 1),
(784, 'ROJO', 1),
(785, 'ROJO ALAMBRE', 1),
(786, 'ROJO ALPINE', 1),
(787, 'ROJO AMAPOLA', 1),
(788, 'ROJO AMBAR', 1),
(789, 'ROJO ANDALUZ', 1),
(790, 'ROJO ATARDECER', 1),
(791, 'ROJO BORDEAUX', 1),
(792, 'ROJO BRILLANTE', 1),
(793, 'ROJO BURDO', 1),
(794, 'ROJO CAMBERRA', 1),
(795, 'ROJO CANDIL', 1),
(796, 'ROJO CARDENAL', 1),
(797, 'ROJO CARMIN', 1),
(798, 'ROJO CEREZA', 1),
(799, 'ROJO CLARO', 1),
(800, 'ROJO CLASICO', 1),
(801, 'ROJO CORDOBA', 1),
(802, 'ROJO DESTELLO', 1),
(803, 'ROJO DINAMO', 1),
(804, 'ROJO DOUPONT', 1),
(805, 'ROJO ELECTRICO', 1),
(806, 'ROJO FERIA', 1),
(807, 'ROJO FERRARI', 1),
(808, 'ROJO FIESTA', 1),
(809, 'ROJO FORMULA', 1),
(810, 'ROJO FUEGO', 1),
(811, 'ROJO FURIA', 1),
(812, 'ROJO GALIPAN', 1),
(813, 'ROJO GORNET MIC', 1),
(814, 'ROJO GRANATE', 1),
(815, 'ROJO HIP', 1),
(816, 'ROJO IMPALA', 1),
(817, 'ROJO IMPERIAL', 1),
(818, 'ROJO INZA', 1),
(819, 'ROJO LYRA', 1),
(820, 'ROJO MAPLE', 1),
(821, 'ROJO MARLBORO', 1),
(822, 'ROJO MARS', 1),
(823, 'ROJO MERCURIO', 1),
(824, 'ROJO METALICO', 1),
(825, 'ROJO MICA', 1),
(826, 'ROJO MILANO', 1),
(827, 'ROJO MONTANA', 1),
(828, 'ROJO MONTECARLO', 1),
(829, 'ROJO OPORTO', 1),
(830, 'ROJO ORIENTAL', 1),
(831, 'ROJO PALMA', 1),
(832, 'ROJO PAMIR', 1),
(833, 'ROJO PASION', 1),
(834, 'ROJO PERLADO', 1),
(835, 'ROJO PERLECENTE', 1),
(836, 'ROJO PONZO', 1),
(837, 'ROJO POPY', 1),
(838, 'ROJO PURPURA', 1),
(839, 'ROJO ROANNE', 1),
(840, 'ROJO RUBI', 1),
(841, 'ROJO RUBIANO', 1),
(842, 'ROJO SAHARA', 1),
(843, 'ROJO SCARLATA', 1),
(844, 'ROJO SEVILLA', 1),
(845, 'ROJO SPORT', 1),
(846, 'ROJO SUPER', 1),
(847, 'ROJO TERRANOVA', 1),
(848, 'ROJO TIZIANO', 1),
(849, 'ROJO TOMATE', 1),
(850, 'ROJO TORINO', 1),
(851, 'ROJO TORNADO', 1),
(852, 'ROJO VERSALLES', 1),
(853, 'ROJO VINO', 1),
(854, 'ROJO VIVO', 1),
(855, 'ROJO Y', 1),
(856, 'ROSA AMABLE', 1),
(857, 'ROSA AMABLE MICA', 1),
(858, 'ROSADO', 1),
(859, 'ROUGE FURIA', 1),
(860, 'ROUGE GRIOTTE', 1),
(861, 'ROUGE MANDARINE', 1),
(862, 'ROYAL WINE', 1),
(863, 'RUBINO', 1),
(864, 'RUBINO', 1),
(865, 'SALMON BLANCO Y NIQUEL', 1),
(866, 'SAMOABLAU', 1),
(867, 'SANDALO', 1),
(868, 'SANDALO WOOD', 1),
(869, 'SCARLET RED', 1),
(870, 'SEVERRING BLUE', 1),
(871, 'SILICE TORNADO', 1),
(872, 'SILVER', 1),
(873, 'SILVER CLARO', 1),
(874, 'SILVER LINNING', 1),
(875, 'SIN COLOR', 1),
(876, 'SOLAR PLATA', 1),
(877, 'SORRENTO METALI', 1),
(878, 'STEEL GRAY', 1),
(879, 'STRATO PERLA', 1),
(880, 'STRATO PLATA', 1),
(881, 'SUPER BLANCO', 1),
(882, 'SUPER PLATA', 1),
(883, 'SUPER ROJO', 1),
(884, 'TABACO', 1),
(885, 'TANGERINE', 1),
(886, 'TEAL GREEN', 1),
(887, 'TECHNO SILVER', 1),
(888, 'TERRACOTA', 1),
(889, 'TIERRA REAL', 1),
(890, 'TITANIUM', 1),
(891, 'TOMATO MICA', 1),
(892, 'TOPACIO', 1),
(893, 'TREL GREEN', 1),
(894, 'TUGSTENO METALICO', 1),
(895, 'TURQUESA DEL CARIBE', 1),
(896, 'TURQUESA METALICO', 1),
(897, 'TURQUESA OSCURO METAL', 1),
(898, 'TURQUEZA', 1),
(899, 'ULTRA PLATA', 1),
(900, 'UVA', 1),
(901, 'UVA CON DORADO', 1),
(902, 'UVA METALICO', 1),
(903, 'UVA METALIZADO', 1),
(904, 'UVA OSCURO METALIZADO', 1),
(905, 'UVA Y NEGRO', 1),
(906, 'VERDE', 1),
(907, 'VERDE ACEITUNA', 1),
(908, 'VERDE ACERO', 1),
(909, 'VERDE ACUARELA', 1),
(910, 'VERDE ACUARIOS', 1),
(911, 'VERDE ALAMO', 1),
(912, 'VERDE AMAZONIE', 1),
(913, 'VERDE AMERICA', 1),
(914, 'VERDE ANDINO', 1),
(915, 'VERDE ARRECIFE', 1),
(916, 'VERDE ASTORIA', 1),
(917, 'VERDE AVENTURA', 1),
(918, 'VERDE CACTUS', 1),
(919, 'VERDE CIPRES', 1),
(920, 'VERDE CRISTAL', 1),
(921, 'VERDE ESCANDINA', 1),
(922, 'VERDE ESMERALDA', 1),
(923, 'VERDE ESTELAR', 1),
(924, 'VERDE FLORESTA', 1),
(925, 'VERDE GALAXIA', 1),
(926, 'VERDE GRISOSO', 1),
(927, 'VERDE INGLES', 1),
(928, 'VERDE ISLA', 1),
(929, 'VERDE JADE', 1),
(930, 'VERDE JARDIN', 1),
(931, 'VERDE JAVA', 1),
(932, 'VERDE KIELDER', 1),
(933, 'VERDE LIQUEN', 1),
(934, 'VERDE MALAGA', 1),
(935, 'VERDE MALAQUITA', 1),
(936, 'VERDE MANZANA', 1),
(937, 'VERDE MAR', 1),
(938, 'VERDE MARFIL', 1),
(939, 'VERDE MARQUES', 1),
(940, 'VERDE MAYERLING', 1),
(941, 'VERDE MEDIO', 1),
(942, 'VERDE MENTA', 1),
(943, 'VERDE METALIZAS', 1),
(944, 'VERDE MICA', 1),
(945, 'VERDE MONTANA', 1),
(946, 'VERDE MOSEL', 1),
(947, 'VERDE MUSGO', 1),
(948, 'VERDE NAUSICAA', 1),
(949, 'VERDE OLIVA', 1),
(950, 'VERDE OPALO', 1),
(951, 'VERDE OSCURO', 1),
(952, 'VERDE OTONAL', 1),
(953, 'VERDE PERLADO', 1),
(954, 'VERDE PETROLEO', 1),
(955, 'VERDE PRIMAVERA', 1),
(956, 'VERDE REGATA', 1),
(957, 'VERDE SECO', 1),
(958, 'VERDE SELVA', 1),
(959, 'VERDE SHETLAND', 1),
(960, 'VERDE SORRENTO', 1),
(961, 'VERDE TARANTO', 1),
(962, 'VERDE TORNASOL', 1),
(963, 'VERDE TROPICO', 1),
(964, 'VERDE TURQUEZA', 1),
(965, 'VERDE VIRMANIA', 1),
(966, 'VERDE WATTEAU', 1),
(967, 'VERDE Y', 1),
(968, 'VERDE ZETO', 1),
(969, 'VINO', 1),
(970, 'VINO BEIGE', 1),
(971, 'VINO GRIS', 1),
(972, 'VINO METALIZADO', 1),
(973, 'VINO PERLECENTE', 1),
(974, 'VINO PERLECENTE METALICO', 1),
(975, 'VINO PLOMO', 1),
(976, 'VINO TINTO Y DORADO', 1),
(977, 'VINO TINTO Y PLATEADO', 1),
(978, 'VINOTINTO', 1),
(979, 'VIOLETA', 1),
(980, 'VIOLETA BLANCO', 1),
(981, 'VIOLETA CAMALEON', 1),
(982, 'VIOLETA ESPECIAL', 1),
(983, 'VIOLETA INGO', 1),
(984, 'VIOLETA METALIZADO', 1),
(985, 'VIOLETA PALIDO', 1),
(986, 'VIOLETA PERSA', 1),
(987, 'VIOLETA ROSSETTI', 1),
(988, 'VIOLETA Y AMARILLO', 1),
(989, 'VIOLETA Y CROMO', 1),
(990, 'WINDSOR UVA', 1),
(991, 'ZANAHORIA', 1),
(992, 'ZANAHORIA Y BLANCO', 1),
(993, 'ZAPOTE', 1),
(994, 'colormil', 1);

-- --------------------------------------------------------

--
-- Estructura de tabla para la tabla `combustible`
--

CREATE TABLE `combustible` (
  `id` int(11) NOT NULL,
  `nombre` varchar(255) COLLATE utf8_unicode_ci NOT NULL,
  `codigo_mt` int(11) NOT NULL,
  `estado` tinyint(1) NOT NULL
) ENGINE=InnoDB DEFAULT CHARSET=utf8 COLLATE=utf8_unicode_ci;

--
-- Volcado de datos para la tabla `combustible`
--

INSERT INTO `combustible` (`id`, `nombre`, `codigo_mt`, `estado`) VALUES
(1, 'GASOLINA', 1, 1),
(2, 'A.C.P.M', 2, 1),
(3, 'GAS NATURAL VEHICULAR', 3, 2),
(4, 'GAS-GASOLINA', 4, 1);

-- --------------------------------------------------------

--
-- Estructura de tabla para la tabla `comparendo`
--

CREATE TABLE `comparendo` (
  `id` int(11) NOT NULL,
  `numeroOrden` varchar(45) COLLATE utf8_unicode_ci NOT NULL,
  `fechaDiligenciamiento` datetime NOT NULL,
  `lugarInfraccion` varchar(255) COLLATE utf8_unicode_ci NOT NULL,
  `barrioInfraccion` varchar(45) COLLATE utf8_unicode_ci NOT NULL,
  `observacionesAgente` longtext COLLATE utf8_unicode_ci NOT NULL,
  `tipoInfractor` varchar(45) COLLATE utf8_unicode_ci NOT NULL,
  `tarjetaOperacionInfractor` int(11) NOT NULL,
  `fuga` tinyint(1) NOT NULL,
  `accidente` tinyint(1) NOT NULL,
  `polca` tinyint(1) NOT NULL,
  `fechaNotificacion` date NOT NULL,
  `gradoAlchoholemia` int(11) NOT NULL,
  `municipio_id` int(11) DEFAULT NULL,
  `vehiculo_id` int(11) DEFAULT NULL,
  `cuidadano_id` int(11) DEFAULT NULL,
  `agente_transito_id` int(11) DEFAULT NULL,
  `seguimiento_entrega_id` int(11) DEFAULT NULL,
  `estado` tinyint(1) NOT NULL,
  `fotomulta` tinyint(1) NOT NULL
) ENGINE=InnoDB DEFAULT CHARSET=utf8 COLLATE=utf8_unicode_ci;

--
-- Volcado de datos para la tabla `comparendo`
--

INSERT INTO `comparendo` (`id`, `numeroOrden`, `fechaDiligenciamiento`, `lugarInfraccion`, `barrioInfraccion`, `observacionesAgente`, `tipoInfractor`, `tarjetaOperacionInfractor`, `fuga`, `accidente`, `polca`, `fechaNotificacion`, `gradoAlchoholemia`, `municipio_id`, `vehiculo_id`, `cuidadano_id`, `agente_transito_id`, `seguimiento_entrega_id`, `estado`, `fotomulta`) VALUES
(3, '52400001000003456', '2017-12-14 00:00:00', 'CARRERA 9 NO. 3-28', 'BARRIO PANAMERICANO', 'el conductor manejava en estado de embriaguez ', 'infractor', 52001000, 1, 1, 0, '2017-12-14', 11, 766, 1, NULL, 1, 1, 1, 0),
(4, '321321', '2017-12-14 00:00:00', 'CARRERA 9 NO. 3-28', 'BARRIO PANAMERICANO', 'el conductor manejava en estado de embriaguez ', 'infractor', 52001000, 1, 1, 0, '2017-12-14', 11, 766, 1, NULL, 1, 1, 1, 0),
(5, '321321', '2017-12-14 00:00:00', 'CARRERA 9 NO. 3-28', 'BARRIO PANAMERICANO', 'el conductor manejava en estado de embriaguez ', 'infractor', 52001000, 1, 1, 0, '2017-12-14', 11, 766, 1, NULL, 1, 1, 1, 0),
(6, '321321', '2017-12-14 00:00:00', 'CARRERA 9 NO. 3-28', 'BARRIO PANAMERICANO', 'el conductor manejava en estado de embriaguez ', 'infractor', 52001000, 1, 1, 0, '2017-12-14', 11, 766, 1, NULL, 1, 1, 1, 0),
(7, '321321', '2017-12-14 00:00:00', 'CARRERA 9 NO. 3-28', 'BARRIO PANAMERICANO', 'el conductor manejava en estado de embriaguez ', 'infractor', 52001000, 1, 1, 0, '2017-12-14', 11, 766, 1, NULL, 1, 1, 1, 0),
(8, '321321', '2017-12-14 00:00:00', 'CARRERA 9 NO. 3-28', 'BARRIO PANAMERICANO', 'el conductor manejava en estado de embriaguez ', 'infractor', 52001000, 1, 1, 0, '2017-12-14', 11, 766, 1, NULL, 1, 1, 1, 0),
(9, '321321', '2017-12-14 00:00:00', 'CARRERA 9 NO. 3-28', 'BARRIO PANAMERICANO', 'el conductor manejava en estado de embriaguez ', 'infractor', 52001000, 1, 1, 0, '2017-12-14', 11, 766, 1, NULL, 1, 1, 1, 0),
(10, '321321', '2017-12-14 00:00:00', 'CARRERA 9 NO. 3-28', 'BARRIO PANAMERICANO', 'el conductor manejava en estado de embriaguez ', 'infractor', 52001000, 1, 1, 0, '2017-12-14', 11, 766, 1, NULL, 1, 1, 1, 0);

-- --------------------------------------------------------

--
-- Estructura de tabla para la tabla `comparendo_infraccion`
--

CREATE TABLE `comparendo_infraccion` (
  `id` int(11) NOT NULL,
  `comparendo_id` int(11) DEFAULT NULL,
  `infraccion_id` int(11) DEFAULT NULL
) ENGINE=InnoDB DEFAULT CHARSET=utf8 COLLATE=utf8_unicode_ci;

-- --------------------------------------------------------

--
-- Estructura de tabla para la tabla `concepto`
--

CREATE TABLE `concepto` (
  `id` int(11) NOT NULL,
  `tramite_id` int(11) DEFAULT NULL,
  `cuenta_id` int(11) DEFAULT NULL,
  `descripcion` varchar(255) COLLATE utf8_unicode_ci NOT NULL,
  `valor` int(11) NOT NULL,
  `estado` tinyint(1) NOT NULL
) ENGINE=InnoDB DEFAULT CHARSET=utf8 COLLATE=utf8_unicode_ci;

-- --------------------------------------------------------

--
-- Estructura de tabla para la tabla `consumibles`
--

CREATE TABLE `consumibles` (
  `id` int(11) NOT NULL,
  `nombre` varchar(255) COLLATE utf8_unicode_ci NOT NULL,
  `estado` tinyint(1) NOT NULL
) ENGINE=InnoDB DEFAULT CHARSET=utf8 COLLATE=utf8_unicode_ci;

--
-- Volcado de datos para la tabla `consumibles`
--

INSERT INTO `consumibles` (`id`, `nombre`, `estado`) VALUES
(1, 'consumible de pruebaedit', 1);

-- --------------------------------------------------------

--
-- Estructura de tabla para la tabla `correspondencia_documento`
--

CREATE TABLE `correspondencia_documento` (
  `id` int(11) NOT NULL,
  `tipoActuacion` varchar(45) COLLATE utf8_unicode_ci NOT NULL,
  `nombreEmpresaEnvio` varchar(45) COLLATE utf8_unicode_ci NOT NULL,
  `fechaEnvio` date NOT NULL,
  `numeroGuia` varchar(45) COLLATE utf8_unicode_ci NOT NULL,
  `registro_documento_id` int(11) DEFAULT NULL
) ENGINE=InnoDB DEFAULT CHARSET=utf8 COLLATE=utf8_unicode_ci;

-- --------------------------------------------------------

--
-- Estructura de tabla para la tabla `cuenta`
--

CREATE TABLE `cuenta` (
  `id` int(11) NOT NULL,
  `banco_id` int(11) DEFAULT NULL,
  `numero` int(11) NOT NULL,
  `observacion` varchar(255) COLLATE utf8_unicode_ci NOT NULL,
  `estado` tinyint(1) NOT NULL
) ENGINE=InnoDB DEFAULT CHARSET=utf8 COLLATE=utf8_unicode_ci;

--
-- Volcado de datos para la tabla `cuenta`
--

INSERT INTO `cuenta` (`id`, `banco_id`, `numero`, `observacion`, `estado`) VALUES
(1, 2, 1234567, 'observacion', 1),
(2, 7, 1232345, 'cuenta para el banco de bogota', 1);

-- --------------------------------------------------------

--
-- Estructura de tabla para la tabla `departamento`
--

CREATE TABLE `departamento` (
  `id` int(11) NOT NULL,
  `nombre` varchar(255) COLLATE utf8_unicode_ci NOT NULL,
  `estado` tinyint(1) NOT NULL,
  `codigo_dian` varchar(255) COLLATE utf8_unicode_ci NOT NULL
) ENGINE=InnoDB DEFAULT CHARSET=utf8 COLLATE=utf8_unicode_ci;

--
-- Volcado de datos para la tabla `departamento`
--

INSERT INTO `departamento` (`id`, `nombre`, `estado`, `codigo_dian`) VALUES
(1, 'AMAZONAS', 1, '91'),
(2, 'ANTIOQUIA', 1, '5'),
(3, 'ARAUCA', 1, '81'),
(4, 'ATLANTICO', 1, '8'),
(5, 'BOLIVAR', 1, '13'),
(6, 'BOYACA', 1, '15'),
(7, 'CALDAS', 1, '17'),
(8, 'CAQUETA', 1, '18'),
(9, 'CASANARE', 1, '85'),
(10, 'CAUCA', 1, '19'),
(11, 'CESAR', 1, '20'),
(12, 'CHOCO', 1, '27'),
(13, 'CORDOBA', 1, '23'),
(14, 'CUNDINAMARCA', 1, '25'),
(15, 'GUAINIA', 1, '94'),
(16, 'GUAJIRA', 1, '44'),
(17, 'GUAVIARE', 1, '95'),
(18, 'HUILA', 1, '41'),
(19, 'MAGDALENA', 1, '47'),
(20, 'META', 1, '50'),
(21, 'NARIÑO', 1, '52'),
(22, 'NORTE DE SANTANDER', 1, '54'),
(23, 'PUTUMAYO', 1, '86'),
(24, 'QUINDIO', 1, '63'),
(25, 'RISARALDA', 1, '66'),
(26, 'SAN ANDRES', 1, '88'),
(27, 'SANTANDER', 1, '68'),
(28, 'SUCRE', 1, '70'),
(29, 'TOLIMA', 1, '73'),
(30, 'VALLE DEL CAUCA', 1, '76'),
(31, 'VAUPES', 1, '97'),
(32, 'VICHADA', 1, '99');

-- --------------------------------------------------------

--
-- Estructura de tabla para la tabla `dependencia`
--

CREATE TABLE `dependencia` (
  `id` int(11) NOT NULL,
  `nombre` varchar(255) COLLATE utf8_unicode_ci NOT NULL,
  `estado` tinyint(1) NOT NULL
) ENGINE=InnoDB DEFAULT CHARSET=utf8 COLLATE=utf8_unicode_ci;

--
-- Volcado de datos para la tabla `dependencia`
--

INSERT INTO `dependencia` (`id`, `nombre`, `estado`) VALUES
(1, 'dependencia 1', 1),
(2, 'dependencia 2', 1),
(3, 'dependencia 3', 1);

-- --------------------------------------------------------

--
-- Estructura de tabla para la tabla `dependencia_ciudadano`
--

CREATE TABLE `dependencia_ciudadano` (
  `id` int(11) NOT NULL,
  `cargo` varchar(45) COLLATE utf8_unicode_ci NOT NULL,
  `dependencia_id` int(11) DEFAULT NULL,
  `ciudadano_id` int(11) DEFAULT NULL
) ENGINE=InnoDB DEFAULT CHARSET=utf8 COLLATE=utf8_unicode_ci;

-- --------------------------------------------------------

--
-- Estructura de tabla para la tabla `empresa`
--

CREATE TABLE `empresa` (
  `id` int(11) NOT NULL,
  `municipio_id` int(11) DEFAULT NULL,
  `tipo_empresa_id` int(11) DEFAULT NULL,
  `ciudadano_id` int(11) DEFAULT NULL,
  `nit` int(11) NOT NULL,
  `nombre` varchar(255) COLLATE utf8_unicode_ci NOT NULL,
  `telefono` int(11) NOT NULL,
  `direccion` varchar(255) COLLATE utf8_unicode_ci NOT NULL,
  `correo` varchar(255) COLLATE utf8_unicode_ci NOT NULL,
  `estado` tinyint(1) NOT NULL
) ENGINE=InnoDB DEFAULT CHARSET=utf8 COLLATE=utf8_unicode_ci;

-- --------------------------------------------------------

--
-- Estructura de tabla para la tabla `factura`
--

CREATE TABLE `factura` (
  `id` int(11) NOT NULL,
  `numeroFactura` varchar(45) COLLATE utf8_unicode_ci NOT NULL,
  `estadoFactura` varchar(45) COLLATE utf8_unicode_ci NOT NULL,
  `fechaCreacion` date NOT NULL,
  `observacionesFactura` longtext COLLATE utf8_unicode_ci NOT NULL,
  `solicitante_id` int(11) DEFAULT NULL,
  `apoderado_id` int(11) DEFAULT NULL,
  `vehiculo_id` int(11) DEFAULT NULL
) ENGINE=InnoDB DEFAULT CHARSET=utf8 COLLATE=utf8_unicode_ci;

-- --------------------------------------------------------

--
-- Estructura de tabla para la tabla `fases_documento`
--

CREATE TABLE `fases_documento` (
  `id` int(11) NOT NULL,
  `nombreFase` varchar(45) COLLATE utf8_unicode_ci NOT NULL,
  `fechaFinFase` date NOT NULL,
  `fechaInicioFase` date NOT NULL,
  `actuacionFase` longtext COLLATE utf8_unicode_ci NOT NULL,
  `urlDocumentoGenerado` varchar(145) COLLATE utf8_unicode_ci NOT NULL,
  `funcionario_responzable_id` int(11) DEFAULT NULL,
  `registro_documento_id` int(11) DEFAULT NULL
) ENGINE=InnoDB DEFAULT CHARSET=utf8 COLLATE=utf8_unicode_ci;

-- --------------------------------------------------------

--
-- Estructura de tabla para la tabla `infraccion`
--

CREATE TABLE `infraccion` (
  `id` int(11) NOT NULL,
  `codigoInfraccion` varchar(45) COLLATE utf8_unicode_ci NOT NULL,
  `descripcionInfraccion` varchar(255) COLLATE utf8_unicode_ci NOT NULL,
  `valorInfraccion` double NOT NULL
) ENGINE=InnoDB DEFAULT CHARSET=utf8 COLLATE=utf8_unicode_ci;

-- --------------------------------------------------------

--
-- Estructura de tabla para la tabla `inmovilizacion`
--

CREATE TABLE `inmovilizacion` (
  `id` int(11) NOT NULL,
  `numeroPatio` varchar(45) COLLATE utf8_unicode_ci NOT NULL,
  `numeroGrua` varchar(45) COLLATE utf8_unicode_ci NOT NULL,
  `numeroConsecutivo` varchar(45) COLLATE utf8_unicode_ci NOT NULL,
  `direccionPatio` varchar(45) COLLATE utf8_unicode_ci NOT NULL,
  `placaGrua` varchar(45) COLLATE utf8_unicode_ci NOT NULL,
  `comparendo_id` int(11) DEFAULT NULL
) ENGINE=InnoDB DEFAULT CHARSET=utf8 COLLATE=utf8_unicode_ci;

-- --------------------------------------------------------

--
-- Estructura de tabla para la tabla `linea`
--

CREATE TABLE `linea` (
  `id` int(11) NOT NULL,
  `marca_id` int(11) DEFAULT NULL,
  `nombre` varchar(255) COLLATE utf8_unicode_ci NOT NULL,
  `codigo_mt` int(11) NOT NULL,
  `estado` tinyint(1) NOT NULL
) ENGINE=InnoDB DEFAULT CHARSET=utf8 COLLATE=utf8_unicode_ci;

--
-- Volcado de datos para la tabla `linea`
--

INSERT INTO `linea` (`id`, `marca_id`, `nombre`, `codigo_mt`, `estado`) VALUES
(1, 1, '500', 1, 1),
(2, 1, 'Grande Punto', 2, 1),
(3, 1, 'Punto Evo', 3, 1),
(4, 1, '500c', 4, 1),
(5, 1, '695', 5, 1),
(6, 1, 'Punto', 6, 1),
(7, 2, '155', 7, 1),
(8, 2, '156', 8, 1),
(9, 2, '159', 9, 1),
(10, 2, '164', 10, 1),
(11, 2, '145', 11, 1),
(12, 2, '147', 12, 1),
(13, 2, '146', 13, 1),
(14, 2, 'Gtv', 14, 1),
(15, 2, 'Spider', 15, 1),
(16, 2, '166', 16, 1),
(17, 2, 'Gt', 17, 1),
(18, 2, 'Crosswagon', 18, 1),
(19, 2, 'Brera', 19, 1),
(20, 2, '90', 20, 1),
(21, 2, '75', 21, 1),
(22, 2, '33', 22, 1),
(23, 2, 'Giulietta', 23, 1),
(24, 2, 'Sprint', 24, 1),
(25, 2, 'Mito', 25, 1),
(26, 3, 'Expander', 26, 1),
(27, 3, '10', 27, 1),
(28, 3, '24', 28, 1),
(29, 3, 'Dacia', 29, 1),
(30, 4, 'Rocsta', 30, 1),
(31, 5, 'Rocsta', 31, 1),
(32, 6, 'Db7', 32, 1),
(33, 6, 'V8', 33, 1),
(34, 6, 'Db9', 34, 1),
(35, 6, 'Vanquish', 35, 1),
(36, 6, 'V8 Vantage', 36, 1),
(37, 6, 'Vantage', 37, 1),
(38, 6, 'Dbs', 38, 1),
(39, 6, 'Volante', 39, 1),
(40, 6, 'Virage', 40, 1),
(41, 6, 'Vantage V8', 41, 1),
(42, 6, 'Vantage V12', 42, 1),
(43, 6, 'Rapide', 43, 1),
(44, 6, 'Cygnet', 44, 1),
(45, 7, '80', 45, 1),
(46, 7, 'A4', 46, 1),
(47, 7, 'A6', 47, 1),
(48, 7, 'S6', 48, 1),
(49, 7, 'Coupe', 49, 1),
(50, 7, 'S2', 50, 1),
(51, 7, 'Rs2', 51, 1),
(52, 7, 'A8', 52, 1),
(53, 7, 'Cabriolet', 53, 1),
(54, 7, 'S8', 54, 1),
(55, 7, 'A3', 55, 1),
(56, 7, 'S4', 56, 1),
(57, 7, 'Tt', 57, 1),
(58, 7, 'S3', 58, 1),
(59, 7, 'Allroad Quattro', 59, 1),
(60, 7, 'Rs4', 60, 1),
(61, 7, 'A2', 61, 1),
(62, 7, 'Rs6', 62, 1),
(63, 7, 'Q7', 63, 1),
(64, 7, 'R8', 64, 1),
(65, 7, 'A5', 65, 1),
(66, 7, 'S5', 66, 1),
(67, 7, 'V8', 67, 1),
(68, 7, '200', 68, 1),
(69, 7, '100', 69, 1),
(70, 7, '90', 70, 1),
(71, 7, 'Tts', 71, 1),
(72, 7, 'Q5', 72, 1),
(73, 7, 'A4 Allroad Quattro', 73, 1),
(74, 7, 'Tt Rs', 74, 1),
(75, 7, 'Rs5', 75, 1),
(76, 7, 'A1', 76, 1),
(77, 7, 'A7', 77, 1),
(78, 7, 'Rs3', 78, 1),
(79, 7, 'Q3', 79, 1),
(80, 7, 'A6 Allroad Quattro', 80, 1),
(81, 7, 'S7', 81, 1),
(82, 7, 'Sq5', 82, 1),
(83, 8, 'Mini', 83, 1),
(84, 8, 'Montego', 84, 1),
(85, 8, 'Maestro', 85, 1),
(86, 8, 'Metro', 86, 1),
(87, 8, 'Mini Moke', 87, 1),
(88, 9, 'Diesel', 88, 1),
(89, 10, 'Brooklands', 89, 1),
(90, 10, 'Turbo', 90, 1),
(91, 10, 'Continental', 91, 1),
(92, 10, 'Azure', 92, 1),
(93, 10, 'Arnage', 93, 1),
(94, 10, 'Continental Gt', 94, 1),
(95, 10, 'Continental Flying Spur', 95, 1),
(96, 10, 'Turbo R', 96, 1),
(97, 10, 'Mulsanne', 97, 1),
(98, 10, 'Eight', 98, 1),
(99, 10, 'Continental Gtc', 99, 1),
(100, 10, 'Continental Supersports', 100, 1),
(101, 11, 'Freeclimber Diesel', 101, 1),
(102, 12, 'Serie 3', 102, 1),
(103, 12, 'Serie 5', 103, 1),
(104, 12, 'Compact', 104, 1),
(105, 12, 'Serie 7', 105, 1),
(106, 12, 'Serie 8', 106, 1),
(107, 12, 'Z3', 107, 1),
(108, 12, 'Z4', 108, 1),
(109, 12, 'Z8', 109, 1),
(110, 12, 'X5', 110, 1),
(111, 12, 'Serie 6', 111, 1),
(112, 12, 'X3', 112, 1),
(113, 12, 'Serie 1', 113, 1),
(114, 12, 'Z1', 114, 1),
(115, 12, 'X6', 115, 1),
(116, 12, 'X1', 116, 1),
(117, 13, 'Seville', 117, 1),
(118, 13, 'Sts', 118, 1),
(119, 13, 'El Dorado', 119, 1),
(120, 13, 'Cts', 120, 1),
(121, 13, 'Xlr', 121, 1),
(122, 13, 'Srx', 122, 1),
(123, 13, 'Escalade', 123, 1),
(124, 13, 'Bls', 124, 1),
(125, 14, 'Corvette', 125, 1),
(126, 14, 'Blazer', 126, 1),
(127, 14, 'Astro', 127, 1),
(128, 14, 'Nubira', 128, 1),
(129, 14, 'Evanda', 129, 1),
(130, 14, 'Trans Sport', 130, 1),
(131, 14, 'Camaro', 131, 1),
(132, 14, 'Matiz', 132, 1),
(133, 14, 'Alero', 133, 1),
(134, 14, 'Tahoe', 134, 1),
(135, 14, 'Tacuma', 135, 1),
(136, 14, 'Trailblazer', 136, 1),
(137, 14, 'Kalos', 137, 1),
(138, 14, 'Aveo', 138, 1),
(139, 14, 'Lacetti', 139, 1),
(140, 14, 'Epica', 140, 1),
(141, 14, 'Captiva', 141, 1),
(142, 14, 'Hhr', 142, 1),
(143, 14, 'Cruze', 143, 1),
(144, 14, 'Spark', 144, 1),
(145, 14, 'Orlando', 145, 1),
(146, 14, 'Volt', 146, 1),
(147, 14, 'Malibu', 147, 1),
(148, 15, 'Vision', 148, 1),
(149, 15, '300m', 149, 1),
(150, 15, 'Grand Voyager', 150, 1),
(151, 15, 'Viper', 151, 1),
(152, 15, 'Neon', 152, 1),
(153, 15, 'Voyager', 153, 1),
(154, 15, 'Stratus', 154, 1),
(155, 15, 'Sebring', 155, 1),
(156, 15, 'Sebring 200c', 156, 1),
(157, 15, 'New Yorker', 157, 1),
(158, 15, 'Pt Cruiser', 158, 1),
(159, 15, 'Crossfire', 159, 1),
(160, 15, '300c', 160, 1),
(161, 15, 'Le Baron', 161, 1),
(162, 15, 'Saratoga', 162, 1),
(163, 16, 'Xantia', 163, 1),
(164, 16, 'Xm', 164, 1),
(165, 16, 'Ax', 165, 1),
(166, 16, 'Zx', 166, 1),
(167, 16, 'Evasion', 167, 1),
(168, 16, 'C8', 168, 1),
(169, 16, 'Saxo', 169, 1),
(170, 16, 'C2', 170, 1),
(171, 16, 'Xsara', 171, 1),
(172, 16, 'C4', 172, 1),
(173, 16, 'Xsara Picasso', 173, 1),
(174, 16, 'C5', 174, 1),
(175, 16, 'C3', 175, 1),
(176, 16, 'C3 Pluriel', 176, 1),
(177, 16, 'C1', 177, 1),
(178, 16, 'C6', 178, 1),
(179, 16, 'Grand C4 Picasso', 179, 1),
(180, 16, 'C4 Picasso', 180, 1),
(181, 16, 'Ccrosser', 181, 1),
(182, 16, 'C15', 182, 1),
(183, 16, 'Jumper', 183, 1),
(184, 16, 'Jumpy', 184, 1),
(185, 16, 'Berlingo', 185, 1),
(186, 16, 'Bx', 186, 1),
(187, 16, 'C25', 187, 1),
(188, 16, 'Cx', 188, 1),
(189, 16, 'Gsa', 189, 1),
(190, 16, 'Visa', 190, 1),
(191, 16, 'Lna', 191, 1),
(192, 16, '2cv', 192, 1),
(193, 16, 'Nemo', 193, 1),
(194, 16, 'C4 Sedan', 194, 1),
(195, 16, 'Berlingo First', 195, 1),
(196, 16, 'C3 Picasso', 196, 1),
(197, 16, 'Ds3', 197, 1),
(198, 16, 'Czero', 198, 1),
(199, 16, 'Ds4', 199, 1),
(200, 16, 'Ds5', 200, 1),
(201, 16, 'C4 Aircross', 201, 1),
(202, 16, 'Celysee', 202, 1),
(203, 17, 'Corvette', 203, 1),
(204, 18, 'Contac', 204, 1),
(205, 18, 'Logan', 205, 1),
(206, 18, 'Sandero', 206, 1),
(207, 18, 'Duster', 207, 1),
(208, 18, 'Lodgy', 208, 1),
(209, 19, 'Nexia', 209, 1),
(210, 19, 'Aranos', 210, 1),
(211, 19, 'Lanos', 211, 1),
(212, 19, 'Nubira', 212, 1),
(213, 19, 'Compact', 213, 1),
(214, 19, 'Nubira Compact', 214, 1),
(215, 19, 'Leganza', 215, 1),
(216, 19, 'Evanda', 216, 1),
(217, 19, 'Matiz', 217, 1),
(218, 19, 'Tacuma', 218, 1),
(219, 19, 'Kalos', 219, 1),
(220, 19, 'Lacetti', 220, 1),
(221, 21, 'Applause', 221, 1),
(222, 21, 'Charade', 222, 1),
(223, 21, 'Rocky', 223, 1),
(224, 21, 'Feroza', 224, 1),
(225, 21, 'Terios', 225, 1),
(226, 21, 'Sirion', 226, 1),
(227, 22, 'Serie Xj', 227, 1),
(228, 22, 'Xj', 228, 1),
(229, 22, 'Double Six', 229, 1),
(230, 22, 'Six', 230, 1),
(231, 22, 'Series Iii', 231, 1),
(232, 23, 'Viper', 232, 1),
(233, 23, 'Caliber', 233, 1),
(234, 23, 'Nitro', 234, 1),
(235, 23, 'Avenger', 235, 1),
(236, 23, 'Journey', 236, 1),
(237, 24, 'F355', 237, 1),
(238, 24, '360', 238, 1),
(239, 24, 'F430', 239, 1),
(240, 24, 'F512 M', 240, 1),
(241, 24, '550 Maranello', 241, 1),
(242, 24, '575m Maranello', 242, 1),
(243, 24, '599', 243, 1),
(244, 24, '456', 244, 1),
(245, 24, '456m', 245, 1),
(246, 24, '612', 246, 1),
(247, 24, 'F50', 247, 1),
(248, 24, 'Enzo', 248, 1),
(249, 24, 'Superamerica', 249, 1),
(250, 24, '430', 250, 1),
(251, 24, '348', 251, 1),
(252, 24, 'Testarossa', 252, 1),
(253, 24, '512', 253, 1),
(254, 24, '355', 254, 1),
(255, 24, 'F40', 255, 1),
(256, 24, '412', 256, 1),
(257, 24, 'Mondial', 257, 1),
(258, 24, '328', 258, 1),
(259, 24, 'California', 259, 1),
(260, 24, '458', 260, 1),
(261, 24, 'Ff', 261, 1),
(262, 25, 'Croma', 262, 1),
(263, 25, 'Cinquecento', 263, 1),
(264, 25, 'Seicento', 264, 1),
(265, 25, 'Punto', 265, 1),
(266, 25, 'Grande Punto', 266, 1),
(267, 25, 'Panda', 267, 1),
(268, 25, 'Tipo', 268, 1),
(269, 25, 'Coupe', 269, 1),
(270, 25, 'Uno', 270, 1),
(271, 25, 'Ulysse', 271, 1),
(272, 25, 'Tempra', 272, 1),
(273, 25, 'Marea', 273, 1),
(274, 25, 'Barchetta', 274, 1),
(275, 25, 'Bravo', 275, 1),
(276, 25, 'Stilo', 276, 1),
(277, 25, 'Brava', 277, 1),
(278, 25, 'Palio Weekend', 278, 1),
(279, 25, '600', 279, 1),
(280, 25, 'Multipla', 280, 1),
(281, 25, 'Idea', 281, 1),
(282, 25, 'Sedici', 282, 1),
(283, 25, 'Linea', 283, 1),
(284, 25, '500', 284, 1),
(285, 25, 'Fiorino', 285, 1),
(286, 25, 'Ducato', 286, 1),
(287, 25, 'Doblo Cargo', 287, 1),
(288, 25, 'Doblo', 288, 1),
(289, 25, 'Strada', 289, 1),
(290, 25, 'Regata', 290, 1),
(291, 25, 'Talento', 291, 1),
(292, 25, 'Argenta', 292, 1),
(293, 25, 'Ritmo', 293, 1),
(294, 25, 'Punto Classic', 294, 1),
(295, 25, 'Qubo', 295, 1),
(296, 25, 'Punto Evo', 296, 1),
(297, 25, '500c', 297, 1),
(298, 25, 'Freemont', 298, 1),
(299, 25, 'Panda Classic', 299, 1),
(300, 25, '500l', 300, 1),
(301, 26, 'Maverick', 301, 1),
(302, 26, 'Escort', 302, 1),
(303, 26, 'Focus', 303, 1),
(304, 26, 'Mondeo', 304, 1),
(305, 26, 'Scorpio', 305, 1),
(306, 26, 'Fiesta', 306, 1),
(307, 26, 'Probe', 307, 1),
(308, 26, 'Explorer', 308, 1),
(309, 26, 'Galaxy', 309, 1),
(310, 26, 'Ka', 310, 1),
(311, 26, 'Puma', 311, 1),
(312, 26, 'Cougar', 312, 1),
(313, 26, 'Focus Cmax', 313, 1),
(314, 26, 'Fusion', 314, 1),
(315, 26, 'Streetka', 315, 1),
(316, 26, 'Cmax', 316, 1),
(317, 26, 'Smax', 317, 1),
(318, 26, 'Transit', 318, 1),
(319, 26, 'Courier', 319, 1),
(320, 26, 'Ranger', 320, 1),
(321, 26, 'Sierra', 321, 1),
(322, 26, 'Orion', 322, 1),
(323, 26, 'Pick Up', 323, 1),
(324, 26, 'Capri', 324, 1),
(325, 26, 'Granada', 325, 1),
(326, 26, 'Kuga', 326, 1),
(327, 26, 'Grand Cmax', 327, 1),
(328, 26, 'Bmax', 328, 1),
(329, 26, 'Tourneo Custom', 329, 1),
(330, 27, 'Exceed', 330, 1),
(331, 27, 'Santamo', 331, 1),
(332, 27, 'Super Exceed', 332, 1),
(333, 29, 'Accord', 333, 1),
(334, 29, 'Civic', 334, 1),
(335, 29, 'Crx', 335, 1),
(336, 29, 'Prelude', 336, 1),
(337, 29, 'Nsx', 337, 1),
(338, 29, 'Legend', 338, 1),
(339, 29, 'Crv', 339, 1),
(340, 29, 'Hrv', 340, 1),
(341, 29, 'Logo', 341, 1),
(342, 29, 'S2000', 342, 1),
(343, 29, 'Stream', 343, 1),
(344, 29, 'Jazz', 344, 1),
(345, 29, 'Frv', 345, 1),
(346, 29, 'Concerto', 346, 1),
(347, 29, 'Insight', 347, 1),
(348, 29, 'Crz', 348, 1),
(349, 30, 'H2', 349, 1),
(350, 30, 'H3', 350, 1),
(351, 30, 'H3t', 351, 1),
(352, 31, 'Lantra', 352, 1),
(353, 31, 'Sonata', 353, 1),
(354, 31, 'Elantra', 354, 1),
(355, 31, 'Accent', 355, 1),
(356, 31, 'Scoupe', 356, 1),
(357, 31, 'Coupe', 357, 1),
(358, 31, 'Atos', 358, 1),
(359, 31, 'H1', 359, 1),
(360, 31, 'Atos Prime', 360, 1),
(361, 31, 'Xg', 361, 1),
(362, 31, 'Trajet', 362, 1),
(363, 31, 'Santa Fe', 363, 1),
(364, 31, 'Terracan', 364, 1),
(365, 31, 'Matrix', 365, 1),
(366, 31, 'Getz', 366, 1),
(367, 31, 'Tucson', 367, 1),
(368, 31, 'I30', 368, 1),
(369, 31, 'Pony', 369, 1),
(370, 31, 'Grandeur', 370, 1),
(371, 31, 'I10', 371, 1),
(372, 31, 'I800', 372, 1),
(373, 31, 'Sonata Fl', 373, 1),
(374, 31, 'Ix55', 374, 1),
(375, 31, 'I20', 375, 1),
(376, 31, 'Ix35', 376, 1),
(377, 31, 'Ix20', 377, 1),
(378, 31, 'Genesis', 378, 1),
(379, 31, 'I40', 379, 1),
(380, 31, 'Veloster', 380, 1),
(381, 32, 'G', 381, 1),
(382, 32, 'Ex', 382, 1),
(383, 32, 'Fx', 383, 1),
(384, 32, 'M', 384, 1),
(385, 33, 'Elba', 385, 1),
(386, 33, 'Minitre', 386, 1),
(387, 34, 'Trooper', 387, 1),
(388, 34, 'Pick Up', 388, 1),
(389, 34, 'D Max', 389, 1),
(390, 34, 'Rodeo', 390, 1),
(391, 34, 'Dmax', 391, 1),
(392, 34, 'Trroper', 392, 1),
(393, 35, 'Daily', 393, 1),
(394, 35, 'Massif', 394, 1),
(395, 36, 'Daily', 395, 1),
(396, 36, 'Duty', 396, 1),
(397, 37, 'Serie Xj', 397, 1),
(398, 37, 'Serie Xk', 398, 1),
(399, 37, 'Xj', 399, 1),
(400, 37, 'Stype', 400, 1),
(401, 37, 'Xf', 401, 1),
(402, 37, 'Xtype', 402, 1),
(403, 38, 'Wrangler', 403, 1),
(404, 38, 'Cherokee', 404, 1),
(405, 38, 'Grand Cherokee', 405, 1),
(406, 38, 'Commander', 406, 1),
(407, 38, 'Compass', 407, 1),
(408, 38, 'Wrangler Unlimited', 408, 1),
(409, 38, 'Patriot', 409, 1),
(410, 39, 'Sportage', 410, 1),
(411, 39, 'Sephia', 411, 1),
(412, 39, 'Sephia Ii', 412, 1),
(413, 39, 'Pride', 413, 1),
(414, 39, 'Clarus', 414, 1),
(415, 39, 'Shuma', 415, 1),
(416, 39, 'Carnival', 416, 1),
(417, 39, 'Joice', 417, 1),
(418, 39, 'Magentis', 418, 1),
(419, 39, 'Carens', 419, 1),
(420, 39, 'Rio', 420, 1),
(421, 39, 'Cerato', 421, 1),
(422, 39, 'Sorento', 422, 1),
(423, 39, 'Opirus', 423, 1),
(424, 39, 'Picanto', 424, 1),
(425, 39, 'Ceed', 425, 1),
(426, 39, 'Ceed Sporty Wagon', 426, 1),
(427, 39, 'Proceed', 427, 1),
(428, 39, 'K2500 Frontier', 428, 1),
(429, 39, 'K2500', 429, 1),
(430, 39, 'Soul', 430, 1),
(431, 39, 'Venga', 431, 1),
(432, 39, 'Optima', 432, 1),
(433, 39, 'Ceed Sportswagon', 433, 1),
(434, 40, 'Samara', 434, 1),
(435, 40, 'Niva', 435, 1),
(436, 40, 'Sagona', 436, 1),
(437, 40, 'Stawra 2110', 437, 1),
(438, 40, '214', 438, 1),
(439, 40, 'Kalina', 439, 1),
(440, 40, 'Serie 2100', 440, 1),
(441, 40, 'Priora', 441, 1),
(442, 41, 'Gallardo', 442, 1),
(443, 41, 'Murcielago', 443, 1),
(444, 41, 'Aventador', 444, 1),
(445, 42, 'Delta', 445, 1),
(446, 42, 'K', 446, 1),
(447, 42, 'Y10', 447, 1),
(448, 42, 'Dedra', 448, 1),
(449, 42, 'Lybra', 449, 1),
(450, 42, 'Z', 450, 1),
(451, 42, 'Y', 451, 1),
(452, 42, 'Ypsilon', 452, 1),
(453, 42, 'Thesis', 453, 1),
(454, 42, 'Phedra', 454, 1),
(455, 42, 'Musa', 455, 1),
(456, 42, 'Thema', 456, 1),
(457, 42, 'Zeta', 457, 1),
(458, 42, 'Kappa', 458, 1),
(459, 42, 'Trevi', 459, 1),
(460, 42, 'Prisma', 460, 1),
(461, 42, 'A112', 461, 1),
(462, 42, 'Ypsilon Elefantino', 462, 1),
(463, 42, 'Voyager', 463, 1),
(464, 43, 'Range Rover', 464, 1),
(465, 43, 'Defender', 465, 1),
(466, 43, 'Discovery', 466, 1),
(467, 43, 'Freelander', 467, 1),
(468, 43, 'Range Rover Sport', 468, 1),
(469, 43, 'Discovery 4', 469, 1),
(470, 43, 'Range Rover Evoque', 470, 1),
(471, 44, 'Maxus', 471, 1),
(472, 45, 'Ls400', 472, 1),
(473, 45, 'Ls430', 473, 1),
(474, 45, 'Gs300', 474, 1),
(475, 45, 'Is200', 475, 1),
(476, 45, 'Rx300', 476, 1),
(477, 45, 'Gs430', 477, 1),
(478, 45, 'Gs460', 478, 1),
(479, 45, 'Sc430', 479, 1),
(480, 45, 'Is300', 480, 1),
(481, 45, 'Is250', 481, 1),
(482, 45, 'Rx400h', 482, 1),
(483, 45, 'Is220d', 483, 1),
(484, 45, 'Rx350', 484, 1),
(485, 45, 'Gs450h', 485, 1),
(486, 45, 'Ls460', 486, 1),
(487, 45, 'Ls600h', 487, 1),
(488, 45, 'Ls', 488, 1),
(489, 45, 'Gs', 489, 1),
(490, 45, 'Is', 490, 1),
(491, 45, 'Sc', 491, 1),
(492, 45, 'Rx', 492, 1),
(493, 45, 'Ct', 493, 1),
(494, 46, 'Elise', 494, 1),
(495, 46, 'Exige', 495, 1),
(496, 47, 'Bolero Pickup', 496, 1),
(497, 47, 'Goa Pickup', 497, 1),
(498, 47, 'Goa', 498, 1),
(499, 47, 'Cj', 499, 1),
(500, 47, 'Pikup', 500, 1),
(501, 47, 'Thar', 501, 1),
(502, 48, 'Ghibli', 502, 1),
(503, 48, 'Shamal', 503, 1),
(504, 48, 'Quattroporte', 504, 1),
(505, 48, '3200 Gt', 505, 1),
(506, 48, 'Coupe', 506, 1),
(507, 48, 'Spyder', 507, 1),
(508, 48, 'Gransport', 508, 1),
(509, 48, 'Granturismo', 509, 1),
(510, 48, '430', 510, 1),
(511, 48, 'Biturbo', 511, 1),
(512, 48, '228', 512, 1),
(513, 48, '224', 513, 1),
(514, 48, 'Grancabrio', 514, 1),
(515, 49, 'Maybach', 515, 1),
(516, 50, 'Xedos 6', 516, 1),
(517, 50, '626', 517, 1),
(518, 50, '121', 518, 1),
(519, 50, 'Xedos 9', 519, 1),
(520, 50, '323', 520, 1),
(521, 50, 'Mx3', 521, 1),
(522, 50, 'Rx7', 522, 1),
(523, 50, 'Mx5', 523, 1),
(524, 50, 'Mazda3', 524, 1),
(525, 50, 'Mpv', 525, 1),
(526, 50, 'Demio', 526, 1),
(527, 50, 'Premacy', 527, 1),
(528, 50, 'Tribute', 528, 1),
(529, 50, 'Mazda6', 529, 1),
(530, 50, 'Mazda2', 530, 1),
(531, 50, 'Rx8', 531, 1),
(532, 50, 'Mazda5', 532, 1),
(533, 50, 'Cx7', 533, 1),
(534, 50, 'Serie B', 534, 1),
(535, 50, 'B2500', 535, 1),
(536, 50, 'Bt50', 536, 1),
(537, 50, 'Mx6', 537, 1),
(538, 50, '929', 538, 1),
(539, 50, 'Cx5', 539, 1),
(540, 51, 'Clase C', 540, 1),
(541, 51, 'Clase E', 541, 1),
(542, 51, 'Clase Sl', 542, 1),
(543, 51, 'Clase S', 543, 1),
(544, 51, 'Clase Cl', 544, 1),
(545, 51, 'Clase G', 545, 1),
(546, 51, 'Clase Slk', 546, 1),
(547, 51, 'Clase V', 547, 1),
(548, 51, 'Viano', 548, 1),
(549, 51, 'Clase Clk', 549, 1),
(550, 51, 'Clase A', 550, 1),
(551, 51, 'Clase M', 551, 1),
(552, 51, 'Vaneo', 552, 1),
(553, 51, 'Slklasse', 553, 1),
(554, 51, 'Slr Mclaren', 554, 1),
(555, 51, 'Clase Cls', 555, 1),
(556, 51, 'Clase R', 556, 1),
(557, 51, 'Clase Gl', 557, 1),
(558, 51, 'Clase B', 558, 1),
(559, 51, '100d', 559, 1),
(560, 51, '140d', 560, 1),
(561, 51, '180d', 561, 1),
(562, 51, 'Sprinter', 562, 1),
(563, 51, 'Vito', 563, 1),
(564, 51, 'Transporter', 564, 1),
(565, 51, '280', 565, 1),
(566, 51, '220', 566, 1),
(567, 51, '200', 567, 1),
(568, 51, '190', 568, 1),
(569, 51, '600', 569, 1),
(570, 51, '400', 570, 1),
(571, 51, 'Clase Sl R129', 571, 1),
(572, 51, '300', 572, 1),
(573, 51, '500', 573, 1),
(574, 51, '420', 574, 1),
(575, 51, '260', 575, 1),
(576, 51, '230', 576, 1),
(577, 51, 'Clase Clc', 577, 1),
(578, 51, 'Clase Glk', 578, 1),
(579, 51, 'Sls Amg', 579, 1),
(580, 52, 'Mgf', 580, 1),
(581, 52, 'Tf', 581, 1),
(582, 52, 'Zr', 582, 1),
(583, 52, 'Zs', 583, 1),
(584, 52, 'Zt', 584, 1),
(585, 52, 'Ztt', 585, 1),
(586, 52, 'Mini', 586, 1),
(587, 52, 'Countryman', 587, 1),
(588, 52, 'Paceman', 588, 1),
(589, 54, 'Montero', 589, 1),
(590, 54, 'Galant', 590, 1),
(591, 54, 'Colt', 591, 1),
(592, 54, 'Space Wagon', 592, 1),
(593, 54, 'Space Runner', 593, 1),
(594, 54, 'Space Gear', 594, 1),
(595, 54, '3000 Gt', 595, 1),
(596, 54, 'Carisma', 596, 1),
(597, 54, 'Eclipse', 597, 1),
(598, 54, 'Space Star', 598, 1),
(599, 54, 'Montero Sport', 599, 1),
(600, 54, 'Montero Io', 600, 1),
(601, 54, 'Outlander', 601, 1),
(602, 54, 'Lancer', 602, 1),
(603, 54, 'Grandis', 603, 1),
(604, 54, 'L200', 604, 1),
(605, 54, 'Canter', 605, 1),
(606, 54, '300 Gt', 606, 1),
(607, 54, 'Asx', 607, 1),
(608, 54, 'Imiev', 608, 1),
(609, 55, '44', 609, 1),
(610, 55, 'Plus 8', 610, 1),
(611, 55, 'Aero 8', 611, 1),
(612, 55, 'V6', 612, 1),
(613, 55, 'Roadster', 613, 1),
(614, 55, '4', 614, 1),
(615, 55, 'Plus 4', 615, 1),
(616, 56, 'Terrano Ii', 616, 1),
(617, 56, 'Terrano', 617, 1),
(618, 56, 'Micra', 618, 1),
(619, 56, 'Sunny', 619, 1),
(620, 56, 'Primera', 620, 1),
(621, 56, 'Serena', 621, 1),
(622, 56, 'Patrol', 622, 1),
(623, 56, 'Maxima Qx', 623, 1),
(624, 56, '200 Sx', 624, 1),
(625, 56, '300 Zx', 625, 1),
(626, 56, 'Patrol Gr', 626, 1),
(627, 56, '100 Nx', 627, 1),
(628, 56, 'Almera', 628, 1),
(629, 56, 'Pathfinder', 629, 1),
(630, 56, 'Almera Tino', 630, 1),
(631, 56, 'Xtrail', 631, 1),
(632, 56, '350z', 632, 1),
(633, 56, 'Murano', 633, 1),
(634, 56, 'Note', 634, 1),
(635, 56, 'Qashqai', 635, 1),
(636, 56, 'Tiida', 636, 1),
(637, 56, 'Vanette', 637, 1),
(638, 56, 'Trade', 638, 1),
(639, 56, 'Vanette Cargo', 639, 1),
(640, 56, 'Pickup', 640, 1),
(641, 56, 'Navara', 641, 1),
(642, 56, 'Cabstar E', 642, 1),
(643, 56, 'Cabstar', 643, 1),
(644, 56, 'Maxima', 644, 1),
(645, 56, 'Camion', 645, 1),
(646, 56, 'Prairie', 646, 1),
(647, 56, 'Bluebird', 647, 1),
(648, 56, 'Np300 Pick Up', 648, 1),
(649, 56, 'Qashqai2', 649, 1),
(650, 56, 'Pixo', 650, 1),
(651, 56, 'Gtr', 651, 1),
(652, 56, '370z', 652, 1),
(653, 56, 'Cube', 653, 1),
(654, 56, 'Juke', 654, 1),
(655, 56, 'Leaf', 655, 1),
(656, 56, 'Evalia', 656, 1),
(657, 57, 'Astra', 657, 1),
(658, 57, 'Vectra', 658, 1),
(659, 57, 'Calibra', 659, 1),
(660, 57, 'Corsa', 660, 1),
(661, 57, 'Omega', 661, 1),
(662, 57, 'Frontera', 662, 1),
(663, 57, 'Tigra', 663, 1),
(664, 57, 'Monterey', 664, 1),
(665, 57, 'Sintra', 665, 1),
(666, 57, 'Zafira', 666, 1),
(667, 57, 'Agila', 667, 1),
(668, 57, 'Speedster', 668, 1),
(669, 57, 'Signum', 669, 1),
(670, 57, 'Meriva', 670, 1),
(671, 57, 'Antara', 671, 1),
(672, 57, 'Gt', 672, 1),
(673, 57, 'Combo', 673, 1),
(674, 57, 'Movano', 674, 1),
(675, 57, 'Vivaro', 675, 1),
(676, 57, 'Kadett', 676, 1),
(677, 57, 'Monza', 677, 1),
(678, 57, 'Senator', 678, 1),
(679, 57, 'Rekord', 679, 1),
(680, 57, 'Manta', 680, 1),
(681, 57, 'Ascona', 681, 1),
(682, 57, 'Insignia', 682, 1),
(683, 57, 'Zafira Tourer', 683, 1),
(684, 57, 'Ampera', 684, 1),
(685, 57, 'Mokka', 685, 1),
(686, 57, 'Adam', 686, 1),
(687, 58, '306', 687, 1),
(688, 58, '605', 688, 1),
(689, 58, '106', 689, 1),
(690, 58, '205', 690, 1),
(691, 58, '405', 691, 1),
(692, 58, '406', 692, 1),
(693, 58, '806', 693, 1),
(694, 58, '807', 694, 1),
(695, 58, '407', 695, 1),
(696, 58, '307', 696, 1),
(697, 58, '206', 697, 1),
(698, 58, '607', 698, 1),
(699, 58, '308', 699, 1),
(700, 58, '307 Sw', 700, 1),
(701, 58, '206 Sw', 701, 1),
(702, 58, '407 Sw', 702, 1),
(703, 58, '1007', 703, 1),
(704, 58, '107', 704, 1),
(705, 58, '207', 705, 1),
(706, 58, '4007', 706, 1),
(707, 58, 'Boxer', 707, 1),
(708, 58, 'Partner', 708, 1),
(709, 58, 'J5', 709, 1),
(710, 58, '604', 710, 1),
(711, 58, '505', 711, 1),
(712, 58, '309', 712, 1),
(713, 58, 'Bipper', 713, 1),
(714, 58, 'Partner Origin', 714, 1),
(715, 58, '3008', 715, 1),
(716, 58, '5008', 716, 1),
(717, 58, 'Rcz', 717, 1),
(718, 58, '508', 718, 1),
(719, 58, 'Ion', 719, 1),
(720, 58, '208', 720, 1),
(721, 58, '4008', 721, 1),
(722, 59, 'Trans Sport', 722, 1),
(723, 59, 'Firebird', 723, 1),
(724, 59, 'Trans Am', 724, 1),
(725, 60, '911', 725, 1),
(726, 60, 'Boxster', 726, 1),
(727, 60, 'Cayenne', 727, 1),
(728, 60, 'Carrera Gt', 728, 1),
(729, 60, 'Cayman', 729, 1),
(730, 60, '928', 730, 1),
(731, 60, '968', 731, 1),
(732, 60, '944', 732, 1),
(733, 60, '924', 733, 1),
(734, 60, 'Panamera', 734, 1),
(735, 60, '918', 735, 1),
(736, 61, 'Megane', 736, 1),
(737, 61, 'Safrane', 737, 1),
(738, 61, 'Laguna', 738, 1),
(739, 61, 'Clio', 739, 1),
(740, 61, 'Twingo', 740, 1),
(741, 61, 'Nevada', 741, 1),
(742, 61, 'Espace', 742, 1),
(743, 61, 'Spider', 743, 1),
(744, 61, 'Scenic', 744, 1),
(745, 61, 'Grand Espace', 745, 1),
(746, 61, 'Avantime', 746, 1),
(747, 61, 'Vel Satis', 747, 1),
(748, 61, 'Grand Scenic', 748, 1),
(749, 61, 'Clio Campus', 749, 1),
(750, 61, 'Modus', 750, 1),
(751, 61, 'Express', 751, 1),
(752, 61, 'Trafic', 752, 1),
(753, 61, 'Master', 753, 1),
(754, 61, 'Kangoo', 754, 1),
(755, 61, 'Mascott', 755, 1),
(756, 61, 'Master Propulsion', 756, 1),
(757, 61, 'Maxity', 757, 1),
(758, 61, 'R19', 758, 1),
(759, 61, 'R25', 759, 1),
(760, 61, 'R5', 760, 1),
(761, 61, 'R21', 761, 1),
(762, 61, 'R4', 762, 1),
(763, 61, 'Alpine', 763, 1),
(764, 61, 'Fuego', 764, 1),
(765, 61, 'R18', 765, 1),
(766, 61, 'R11', 766, 1),
(767, 61, 'R9', 767, 1),
(768, 61, 'R6', 768, 1),
(769, 61, 'Grand Modus', 769, 1),
(770, 61, 'Kangoo Combi', 770, 1),
(771, 61, 'Koleos', 771, 1),
(772, 61, 'Fluence', 772, 1),
(773, 61, 'Wind', 773, 1),
(774, 61, 'Latitude', 774, 1),
(775, 61, 'Grand Kangoo Combi', 775, 1),
(776, 62, 'Siver Dawn', 776, 1),
(777, 62, 'Silver Spur', 777, 1),
(778, 62, 'Park Ward', 778, 1),
(779, 62, 'Silver Seraph', 779, 1),
(780, 62, 'Corniche', 780, 1),
(781, 62, 'Phantom', 781, 1),
(782, 62, 'Touring', 782, 1),
(783, 62, 'Silvier', 783, 1),
(784, 63, '800', 784, 1),
(785, 63, '600', 785, 1),
(786, 63, '100', 786, 1),
(787, 63, '200', 787, 1),
(788, 63, 'Coupe', 788, 1),
(789, 63, '400', 789, 1),
(790, 63, '45', 790, 1),
(791, 63, 'Cabriolet', 791, 1),
(792, 63, '25', 792, 1),
(793, 63, 'Mini', 793, 1),
(794, 63, '75', 794, 1),
(795, 63, 'Streetwise', 795, 1),
(796, 63, 'Sd', 796, 1),
(797, 64, '900', 797, 1),
(798, 64, '93', 798, 1),
(799, 64, '9000', 799, 1),
(800, 64, '95', 800, 1),
(801, 64, '93x', 801, 1),
(802, 64, '94x', 802, 1),
(803, 65, '300', 803, 1),
(804, 65, '350', 804, 1),
(805, 65, 'Anibal', 805, 1),
(806, 65, 'Anibal Pick Up', 806, 1),
(807, 66, 'Ibiza', 807, 1),
(808, 66, 'Cordoba', 808, 1),
(809, 66, 'Toledo', 809, 1),
(810, 66, 'Marbella', 810, 1),
(811, 66, 'Alhambra', 811, 1),
(812, 66, 'Arosa', 812, 1),
(813, 66, 'Leon', 813, 1),
(814, 66, 'Altea', 814, 1),
(815, 66, 'Altea Xl', 815, 1),
(816, 66, 'Altea Freetrack', 816, 1),
(817, 66, 'Terra', 817, 1),
(818, 66, 'Inca', 818, 1),
(819, 66, 'Malaga', 819, 1),
(820, 66, 'Ronda', 820, 1),
(821, 66, 'Exeo', 821, 1),
(822, 66, 'Mii', 822, 1),
(823, 67, 'Felicia', 823, 1),
(824, 67, 'Forman', 824, 1),
(825, 67, 'Octavia', 825, 1),
(826, 67, 'Octavia Tour', 826, 1),
(827, 67, 'Fabia', 827, 1),
(828, 67, 'Superb', 828, 1),
(829, 67, 'Roomster', 829, 1),
(830, 67, 'Scout', 830, 1),
(831, 67, 'Pickup', 831, 1),
(832, 67, 'Favorit', 832, 1),
(833, 67, '130', 833, 1),
(834, 67, 'S', 834, 1),
(835, 67, 'Yeti', 835, 1),
(836, 67, 'Citigo', 836, 1),
(837, 67, 'Rapid', 837, 1),
(838, 68, 'Smart', 838, 1),
(839, 68, 'Citycoupe', 839, 1),
(840, 68, 'Fortwo', 840, 1),
(841, 68, 'Cabrio', 841, 1),
(842, 68, 'Crossblade', 842, 1),
(843, 68, 'Roadster', 843, 1),
(844, 68, 'Forfour', 844, 1),
(845, 69, 'Korando', 845, 1),
(846, 69, 'Family', 846, 1),
(847, 69, 'K4d', 847, 1),
(848, 69, 'Musso', 848, 1),
(849, 69, 'Korando Kj', 849, 1),
(850, 69, 'Rexton', 850, 1),
(851, 69, 'Rexton Ii', 851, 1),
(852, 69, 'Rodius', 852, 1),
(853, 69, 'Kyron', 853, 1),
(854, 69, 'Actyon', 854, 1),
(855, 69, 'Sports Pick Up', 855, 1),
(856, 69, 'Actyon Sports Pick Up', 856, 1),
(857, 69, 'Kodando', 857, 1),
(858, 70, 'Legacy', 858, 1),
(859, 70, 'Impreza', 859, 1),
(860, 70, 'Svx', 860, 1),
(861, 70, 'Justy', 861, 1),
(862, 70, 'Outback', 862, 1),
(863, 70, 'Forester', 863, 1),
(864, 70, 'G3x Justy', 864, 1),
(865, 70, 'B9 Tribeca', 865, 1),
(866, 70, 'Xt', 866, 1),
(867, 70, '1800', 867, 1),
(868, 70, 'Tribeca', 868, 1),
(869, 70, 'Wrx Sti', 869, 1),
(870, 70, 'Trezia', 870, 1),
(871, 70, 'Xv', 871, 1),
(872, 70, 'Brz', 872, 1),
(873, 71, 'Maruti', 873, 1),
(874, 71, 'Swift', 874, 1),
(875, 71, 'Vitara', 875, 1),
(876, 71, 'Baleno', 876, 1),
(877, 71, 'Samurai', 877, 1),
(878, 71, 'Alto', 878, 1),
(879, 71, 'Wagon R', 879, 1),
(880, 71, 'Jimny', 880, 1),
(881, 71, 'Grand Vitara', 881, 1),
(882, 71, 'Ignis', 882, 1),
(883, 71, 'Liana', 883, 1),
(884, 71, 'Grand Vitara Xl7', 884, 1),
(885, 71, 'Sx4', 885, 1),
(886, 71, 'Splash', 886, 1),
(887, 71, 'Kizashi', 887, 1),
(888, 72, 'Samba', 888, 1),
(889, 72, 'Tagora', 889, 1),
(890, 72, 'Solara', 890, 1),
(891, 72, 'Horizon', 891, 1),
(892, 73, 'Telcosport', 892, 1),
(893, 73, 'Telco', 893, 1),
(894, 73, 'Sumo', 894, 1),
(895, 73, 'Safari', 895, 1),
(896, 73, 'Indica', 896, 1),
(897, 73, 'Indigo', 897, 1),
(898, 73, 'Grand Safari', 898, 1),
(899, 73, 'Tl Pick Up', 899, 1),
(900, 73, 'Xenon Pick Up', 900, 1),
(901, 73, 'Vista', 901, 1),
(902, 73, 'Xenon', 902, 1),
(903, 73, 'Aria', 903, 1),
(904, 74, 'Carina E', 904, 1),
(905, 74, '4runner', 905, 1),
(906, 74, 'Camry', 906, 1),
(907, 74, 'Rav4', 907, 1),
(908, 74, 'Celica', 908, 1),
(909, 74, 'Supra', 909, 1),
(910, 74, 'Paseo', 910, 1),
(911, 74, 'Land Cruiser 80', 911, 1),
(912, 74, 'Land Cruiser 100', 912, 1),
(913, 74, 'Land Cruiser', 913, 1),
(914, 74, 'Land Cruiser 90', 914, 1),
(915, 74, 'Corolla', 915, 1),
(916, 74, 'Auris', 916, 1),
(917, 74, 'Avensis', 917, 1),
(918, 74, 'Picnic', 918, 1),
(919, 74, 'Yaris', 919, 1),
(920, 74, 'Yaris Verso', 920, 1),
(921, 74, 'Mr2', 921, 1),
(922, 74, 'Previa', 922, 1),
(923, 74, 'Prius', 923, 1),
(924, 74, 'Avensis Verso', 924, 1),
(925, 74, 'Corolla Verso', 925, 1),
(926, 74, 'Corolla Sedan', 926, 1),
(927, 74, 'Aygo', 927, 1),
(928, 74, 'Hilux', 928, 1),
(929, 74, 'Dyna', 929, 1),
(930, 74, 'Land Cruiser 200', 930, 1),
(931, 74, 'Verso', 931, 1),
(932, 74, 'Iq', 932, 1),
(933, 74, 'Urban Cruiser', 933, 1),
(934, 74, 'Gt86', 934, 1),
(935, 75, '100', 935, 1),
(936, 75, '121', 936, 1),
(937, 76, '214', 937, 1),
(938, 76, '110 Stawra', 938, 1),
(939, 76, '111 Stawra', 939, 1),
(940, 76, '215', 940, 1),
(941, 76, '112 Stawra', 941, 1),
(942, 77, 'Passat', 942, 1),
(943, 77, 'Golf', 943, 1),
(944, 77, 'Vento', 944, 1),
(945, 77, 'Polo', 945, 1),
(946, 77, 'Corrado', 946, 1),
(947, 77, 'Sharan', 947, 1),
(948, 77, 'Lupo', 948, 1),
(949, 77, 'Bora', 949, 1),
(950, 77, 'Jetta', 950, 1),
(951, 77, 'New Beetle', 951, 1),
(952, 77, 'Phaeton', 952, 1),
(953, 77, 'Touareg', 953, 1),
(954, 77, 'Touran', 954, 1),
(955, 77, 'Multivan', 955, 1),
(956, 77, 'Caddy', 956, 1),
(957, 77, 'Golf Plus', 957, 1),
(958, 77, 'Fox', 958, 1),
(959, 77, 'Eos', 959, 1),
(960, 77, 'Caravelle', 960, 1),
(961, 77, 'Tiguan', 961, 1),
(962, 77, 'Transporter', 962, 1),
(963, 77, 'Lt', 963, 1),
(964, 77, 'Taro', 964, 1),
(965, 77, 'Crafter', 965, 1),
(966, 77, 'California', 966, 1),
(967, 77, 'Santana', 967, 1),
(968, 77, 'Scirocco', 968, 1),
(969, 77, 'Passat Cc', 969, 1),
(970, 77, 'Amarok', 970, 1),
(971, 77, 'Beetle', 971, 1),
(972, 77, 'Up', 972, 1),
(973, 77, 'Cc', 973, 1),
(974, 78, '440', 974, 1),
(975, 78, '850', 975, 1),
(976, 78, 'S70', 976, 1),
(977, 78, 'V70', 977, 1),
(978, 78, 'V70 Classic', 978, 1),
(979, 78, '940', 979, 1),
(980, 78, '480', 980, 1),
(981, 78, '460', 981, 1),
(982, 78, '960', 982, 1),
(983, 78, 'S90', 983, 1),
(984, 78, 'V90', 984, 1),
(985, 78, 'Classic', 985, 1),
(986, 78, 'S40', 986, 1),
(987, 78, 'V40', 987, 1),
(988, 78, 'V50', 988, 1),
(989, 78, 'V70 Xc', 989, 1),
(990, 78, 'Xc70', 990, 1),
(991, 78, 'C70', 991, 1),
(992, 78, 'S80', 992, 1),
(993, 78, 'S60', 993, 1),
(994, 78, 'Xc90', 994, 1),
(995, 78, 'C30', 995, 1),
(996, 78, '780', 996, 1),
(997, 78, '760', 997, 1),
(998, 78, '740', 998, 1),
(999, 78, '240', 999, 1),
(1000, 78, '360', 1000, 1),
(1001, 78, '340', 1001, 1),
(1002, 78, 'Xc60', 1002, 1),
(1003, 78, 'V60', 1003, 1),
(1004, 78, 'V40 Cross Country', 1004, 1),
(1005, 79, '353', 1005, 1),
(1006, 53, 'Mini', 1006, 1),
(1007, 53, 'Countryman', 1007, 1),
(1008, 53, 'Paceman', 1008, 1),
(1009, 1, 'asd', 6438, 0),
(1010, 57, 'linea de prueba ', 12345, 1),
(1011, 80, 'prueba dos de linea', 467567, 0);

-- --------------------------------------------------------

--
-- Estructura de tabla para la tabla `liquidacion_comparendo`
--

CREATE TABLE `liquidacion_comparendo` (
  `id` int(11) NOT NULL,
  `valorComparendo` double NOT NULL,
  `valorAdicional` double NOT NULL,
  `valorSectranGobernacion` double NOT NULL,
  `valorPolca` double NOT NULL,
  `valorSIMIT` double NOT NULL
) ENGINE=InnoDB DEFAULT CHARSET=utf8 COLLATE=utf8_unicode_ci;

-- --------------------------------------------------------

--
-- Estructura de tabla para la tabla `marca`
--

CREATE TABLE `marca` (
  `id` int(11) NOT NULL,
  `nombre` varchar(255) COLLATE utf8_unicode_ci NOT NULL,
  `codigo_mt` varchar(255) COLLATE utf8_unicode_ci NOT NULL,
  `estado` tinyint(1) NOT NULL
) ENGINE=InnoDB DEFAULT CHARSET=utf8 COLLATE=utf8_unicode_ci;

--
-- Volcado de datos para la tabla `marca`
--

INSERT INTO `marca` (`id`, `nombre`, `codigo_mt`, `estado`) VALUES
(1, 'Abarth', '1', 1),
(2, 'Alfa Romeo', '2', 1),
(3, 'Aro', '3', 1),
(4, 'Asia', '4', 1),
(5, 'Asia Motors', '5', 1),
(6, 'Aston Martin', '6', 1),
(7, 'Audi', '7', 1),
(8, 'Austin', '8', 1),
(9, 'Auverland', '9', 1),
(10, 'Bentley', '10', 1),
(11, 'Bertone', '11', 1),
(12, 'Bmw', '12', 1),
(13, 'Cadillac', '13', 1),
(14, 'Chevrolet', '14', 1),
(15, 'Chrysler', '15', 1),
(16, 'Citroen', '16', 1),
(17, 'Corvette', '17', 1),
(18, 'Dacia', '18', 1),
(19, 'Daewoo', '19', 1),
(20, 'Daf', '20', 1),
(21, 'Daihatsu', '21', 1),
(22, 'Daimler', '22', 1),
(23, 'Dodge', '23', 1),
(24, 'Ferrari', '24', 1),
(25, 'Fiat', '25', 1),
(26, 'Ford', '26', 1),
(27, 'Galloper', '27', 1),
(28, 'Gmc', '28', 1),
(29, 'Honda', '29', 1),
(30, 'Hummer', '30', 1),
(31, 'Hyundai', '31', 1),
(32, 'Infiniti', '32', 1),
(33, 'Innocenti', '33', 1),
(34, 'Isuzu', '34', 1),
(35, 'Iveco', '35', 1),
(36, 'Iveco-pegaso', '36', 1),
(37, 'Jaguar', '37', 1),
(38, 'Jeep', '38', 1),
(39, 'Kia', '39', 1),
(40, 'Lada', '40', 1),
(41, 'Lamborghini', '41', 1),
(42, 'Lancia', '42', 1),
(43, 'Land-rover', '43', 1),
(44, 'Ldv', '44', 1),
(45, 'Lexus', '45', 1),
(46, 'Lotus', '46', 1),
(47, 'Mahindra', '47', 1),
(48, 'Maserati', '48', 1),
(49, 'Maybach', '49', 1),
(50, 'Mazda', '50', 1),
(51, 'Mercedes-benz', '51', 1),
(52, 'Mg', '52', 1),
(53, 'Mini', '53', 1),
(54, 'Mitsubishi', '54', 1),
(55, 'Morgan', '55', 1),
(56, 'Nissan', '56', 1),
(57, 'Opel', '57', 1),
(58, 'Peugeot', '58', 1),
(59, 'Pontiac', '59', 1),
(60, 'Porsche', '60', 1),
(61, 'Renault', '61', 1),
(62, 'Rolls-royce', '62', 1),
(63, 'Rover', '63', 1),
(64, 'Saab', '64', 1),
(65, 'Santana', '65', 1),
(66, 'Seat', '66', 1),
(67, 'Skoda', '67', 1),
(68, 'Smart', '68', 1),
(69, 'Ssangyong', '69', 1),
(70, 'Subaru', '70', 1),
(71, 'Suzuki', '71', 1),
(72, 'Talbot', '72', 1),
(73, 'Tata', '73', 1),
(74, 'Toyota', '74', 1),
(75, 'Umm', '75', 1),
(76, 'Vaz', '76', 1),
(77, 'Volkswagen', '77', 1),
(78, 'Volvo', '78', 1),
(79, 'Wartburg', '79', 1),
(80, 'marcanueva', '1234346', 0);

-- --------------------------------------------------------

--
-- Estructura de tabla para la tabla `medida_cautelar`
--

CREATE TABLE `medida_cautelar` (
  `id` int(11) NOT NULL,
  `numeroOficio` varchar(45) COLLATE utf8_unicode_ci NOT NULL,
  `quienOrdena` varchar(45) COLLATE utf8_unicode_ci NOT NULL,
  `fechaInicio` date NOT NULL,
  `fechaFin` date NOT NULL,
  `identificacionImplicado` varchar(45) COLLATE utf8_unicode_ci NOT NULL,
  `delito` varchar(45) COLLATE utf8_unicode_ci NOT NULL,
  `registro_documento_id` int(11) DEFAULT NULL
) ENGINE=InnoDB DEFAULT CHARSET=utf8 COLLATE=utf8_unicode_ci;

-- --------------------------------------------------------

--
-- Estructura de tabla para la tabla `modalidad`
--

CREATE TABLE `modalidad` (
  `id` int(11) NOT NULL,
  `nombre` varchar(255) COLLATE utf8_unicode_ci NOT NULL,
  `codigo_mt` int(11) NOT NULL,
  `estado` tinyint(1) NOT NULL
) ENGINE=InnoDB DEFAULT CHARSET=utf8 COLLATE=utf8_unicode_ci;

--
-- Volcado de datos para la tabla `modalidad`
--

INSERT INTO `modalidad` (`id`, `nombre`, `codigo_mt`, `estado`) VALUES
(1, 'modalidad2', 1, 1);

-- --------------------------------------------------------

--
-- Estructura de tabla para la tabla `modulo`
--

CREATE TABLE `modulo` (
  `id` int(11) NOT NULL,
  `nombre` varchar(255) COLLATE utf8_unicode_ci NOT NULL,
  `abreviatura` varchar(255) COLLATE utf8_unicode_ci NOT NULL,
  `estado` tinyint(1) NOT NULL
) ENGINE=InnoDB DEFAULT CHARSET=utf8 COLLATE=utf8_unicode_ci;

--
-- Volcado de datos para la tabla `modulo`
--

INSERT INTO `modulo` (`id`, `nombre`, `abreviatura`, `estado`) VALUES
(1, 'Registro Nacional de Automotores', 'R.N.A', 1),
(2, 'Registro Nacional de Empresas de Transporte', 'RNET', 1),
(3, 'Registro Nacional de Maquinaria Agricola y Conduccion Autopropulsada', 'RNMA', 1),
(4, 'asd', 'asd', 0);

-- --------------------------------------------------------

--
-- Estructura de tabla para la tabla `modulo_sistema`
--

CREATE TABLE `modulo_sistema` (
  `id` int(11) NOT NULL,
  `NombreModulo` varchar(145) COLLATE utf8_unicode_ci NOT NULL
) ENGINE=InnoDB DEFAULT CHARSET=utf8 COLLATE=utf8_unicode_ci;

-- --------------------------------------------------------

--
-- Estructura de tabla para la tabla `municipio`
--

CREATE TABLE `municipio` (
  `id` int(11) NOT NULL,
  `departamento_id` int(11) DEFAULT NULL,
  `nombre` varchar(255) COLLATE utf8_unicode_ci NOT NULL,
  `codigo_dian` varchar(255) COLLATE utf8_unicode_ci NOT NULL,
  `estado` tinyint(1) NOT NULL
) ENGINE=InnoDB DEFAULT CHARSET=utf8 COLLATE=utf8_unicode_ci;

--
-- Volcado de datos para la tabla `municipio`
--

INSERT INTO `municipio` (`id`, `departamento_id`, `nombre`, `codigo_dian`, `estado`) VALUES
(1, 1, 'LETICIA', '91001', 1),
(2, 1, 'EL ENCANTO', '91263', 1),
(3, 1, 'LA CHORRERA', '91405', 1),
(4, 1, 'LA PEDRERA', '91407', 1),
(5, 1, 'LA VICTORIA', '91430', 1),
(6, 1, 'MIRITI - PARANA', '91460', 1),
(7, 1, 'PUERTO ALEGRIA', '91530', 1),
(8, 1, 'PUERTO ARICA', '91536', 1),
(9, 1, 'PUERTO NARIÑO', '91540', 1),
(10, 1, 'PUERTO SANTANDER', '91669', 1),
(11, 1, 'TARAPACA', '91798', 1),
(12, 2, 'MEDELLIN', '5001', 1),
(13, 2, 'ABEJORRAL', '5002', 1),
(14, 2, 'ABRIAQUI', '5004', 1),
(15, 2, 'ALEJANDRIA', '5021', 1),
(16, 2, 'AMAGA', '5030', 1),
(17, 2, 'AMALFI', '5031', 1),
(18, 2, 'ANDES', '5034', 1),
(19, 2, 'ANGELOPOLIS', '5036', 1),
(20, 2, 'ANGOSTURA', '5038', 1),
(21, 2, 'ANORI', '5040', 1),
(22, 2, 'SANTAF DE ANTIOQUIA', '5042', 1),
(23, 2, 'ANZA', '5044', 1),
(24, 2, 'APARTADO', '5045', 1),
(25, 2, 'ARBOLETES', '5051', 1),
(26, 2, 'ARGELIA', '5055', 1),
(27, 2, 'ARMENIA', '5059', 1),
(28, 2, 'BARBOSA', '5079', 1),
(29, 2, 'BELMIRA', '5086', 1),
(30, 2, 'BELLO', '5088', 1),
(31, 2, 'BETANIA', '5091', 1),
(32, 2, 'BETULIA', '5093', 1),
(33, 2, 'CIUDAD BOLIVAR', '5101', 1),
(34, 2, 'BRICEÑO', '5107', 1),
(35, 2, 'BURITICA', '5113', 1),
(36, 2, 'CACERES', '5120', 1),
(37, 2, 'CAICEDO', '5125', 1),
(38, 2, 'CALDAS', '5129', 1),
(39, 2, 'CAMPAMENTO', '5134', 1),
(40, 2, 'CAÑASGORDAS', '5138', 1),
(41, 2, 'CARACOLI', '5142', 1),
(42, 2, 'CARAMANTA', '5145', 1),
(43, 2, 'CAREPA', '5147', 1),
(44, 2, 'EL CARMEN DE VIBORAL', '5148', 1),
(45, 2, 'CAROLINA', '5150', 1),
(46, 2, 'CAUCASIA', '5154', 1),
(47, 2, 'CHIGORODO', '5172', 1),
(48, 2, 'CISNEROS', '5190', 1),
(49, 2, 'COCORNA', '5197', 1),
(50, 2, 'CONCEPCION', '5206', 1),
(51, 2, 'CONCORDIA', '5209', 1),
(52, 2, 'COPACABANA', '5212', 1),
(53, 2, 'DABEIBA', '5234', 1),
(54, 2, 'DONMATÖAS', '5237', 1),
(55, 2, 'EBJICO', '5240', 1),
(56, 2, 'EL BAGRE', '5250', 1),
(57, 2, 'ENTRERRIOS', '5264', 1),
(58, 2, 'ENVIGADO', '5266', 1),
(59, 2, 'FREDONIA', '5282', 1),
(60, 2, 'FRONTINO', '5284', 1),
(61, 2, 'GIRALDO', '5306', 1),
(62, 2, 'GIRARDOTA', '5308', 1),
(63, 2, 'GOMEZ PLATA', '5310', 1),
(64, 2, 'GRANADA', '5313', 1),
(65, 2, 'GUADALUPE', '5315', 1),
(66, 2, 'GUARNE', '5318', 1),
(67, 2, 'GUATAPE', '5321', 1),
(68, 2, 'HELICONIA', '5347', 1),
(69, 2, 'HISPANIA', '5353', 1),
(70, 2, 'ITAGUI', '5360', 1),
(71, 2, 'ITUANGO', '5361', 1),
(72, 2, 'JARDIN', '5364', 1),
(73, 2, 'JERICO', '5368', 1),
(74, 2, 'LA CEJA', '5376', 1),
(75, 2, 'LA ESTRELLA', '5380', 1),
(76, 2, 'LA PINTADA', '5390', 1),
(77, 2, 'LA UNION', '5400', 1),
(78, 2, 'LIBORINA', '5411', 1),
(79, 2, 'MACEO', '5425', 1),
(80, 2, 'MARINILLA', '5440', 1),
(81, 2, 'MONTEBELLO', '5467', 1),
(82, 2, 'MURINDO', '5475', 1),
(83, 2, 'MUTATA', '5480', 1),
(84, 2, 'NARIÑO', '5483', 1),
(85, 2, 'NECOCLÖ', '5490', 1),
(86, 2, 'NECHI', '5495', 1),
(87, 2, 'OLAYA', '5501', 1),
(88, 2, 'PEÑOL', '5541', 1),
(89, 2, 'PEQUE', '5543', 1),
(90, 2, 'PUEBLORRICO', '5576', 1),
(91, 2, 'PUERTO BERRÖO', '5579', 1),
(92, 2, 'PUERTO NARE', '5585', 1),
(93, 2, 'PUERTO TRIUNFO', '5591', 1),
(94, 2, 'REMEDIOS', '5604', 1),
(95, 2, 'RETIRO', '5607', 1),
(96, 2, 'RIONEGRO', '5615', 1),
(97, 2, 'SABANALARGA', '5628', 1),
(98, 2, 'SABANETA', '5631', 1),
(99, 2, 'SALGAR', '5642', 1),
(100, 2, 'SAN ANDRS DE CUERQUÖA', '5647', 1),
(101, 2, 'SAN CARLOS', '5649', 1),
(102, 2, 'SAN FRANCISCO', '5652', 1),
(103, 2, 'SAN JERONIMO', '5656', 1),
(104, 2, 'SAN JOS DE LA MONTAÑA', '5658', 1),
(105, 2, 'SAN JUAN DE URABA', '5659', 1),
(106, 2, 'SAN LUIS', '5660', 1),
(107, 2, 'SAN PEDRO DE LOS MILAGROS', '5664', 1),
(108, 2, 'SAN PEDRO DE URABA', '5665', 1),
(109, 2, 'SAN RAFAEL', '5667', 1),
(110, 2, 'SAN ROQUE', '5670', 1),
(111, 2, 'SAN VICENTE', '5674', 1),
(112, 2, 'SANTA BARBARA', '5679', 1),
(113, 2, 'SANTA ROSA DE OSOS', '5686', 1),
(114, 2, 'SANTO DOMINGO', '5690', 1),
(115, 2, 'EL SANTUARIO', '5697', 1),
(116, 2, 'SEGOVIA', '5736', 1),
(117, 2, 'SONSON', '5756', 1),
(118, 2, 'SOPETRAN', '5761', 1),
(119, 2, 'TAMESIS', '5789', 1),
(120, 2, 'TARAZA', '5790', 1),
(121, 2, 'TARSO', '5792', 1),
(122, 2, 'TITIRIBI', '5809', 1),
(123, 2, 'TOLEDO', '5819', 1),
(124, 2, 'TURBO', '5837', 1),
(125, 2, 'URAMITA', '5842', 1),
(126, 2, 'URRAO', '5847', 1),
(127, 2, 'VALDIVIA', '5854', 1),
(128, 2, 'VALPARAISO', '5856', 1),
(129, 2, 'VEGACHI', '5858', 1),
(130, 2, 'VENECIA', '5861', 1),
(131, 2, 'VIGIA DEL FUERTE', '5873', 1),
(132, 2, 'YALI', '5885', 1),
(133, 2, 'YARUMAL', '5887', 1),
(134, 2, 'YOLOMBO', '5890', 1),
(135, 2, 'YONDO', '5893', 1),
(136, 2, 'ZARAGOZA', '5895', 1),
(137, 3, 'ARAUCA', '81001', 1),
(138, 3, 'ARAUQUITA', '81065', 1),
(139, 3, 'CRAVO NORTE', '81220', 1),
(140, 3, 'FORTUL', '81300', 1),
(141, 3, 'PUERTO RONDàN', '81591', 1),
(142, 3, 'SARAVENA', '81736', 1),
(143, 3, 'TAME', '81794', 1),
(144, 4, 'BARRANQUILLA', '8001', 1),
(145, 4, 'BARANOA', '8078', 1),
(146, 4, 'CAMPO DE LA CRUZ', '8137', 1),
(147, 4, 'CANDELARIA', '8141', 1),
(148, 4, 'GALAPA', '8296', 1),
(149, 4, 'JUAN DE ACOSTA', '8372', 1),
(150, 4, 'LURUACO', '8421', 1),
(151, 4, 'MALAMBO', '8433', 1),
(152, 4, 'MANATI', '8436', 1),
(153, 4, 'PALMAR DE VARELA', '8520', 1),
(154, 4, 'PIOJO', '8549', 1),
(155, 4, 'POLONUEVO', '8558', 1),
(156, 4, 'PONEDERA', '8560', 1),
(157, 4, 'PUERTO COLOMBIA', '8573', 1),
(158, 4, 'REPELON', '8606', 1),
(159, 4, 'SABANAGRANDE', '8634', 1),
(160, 4, 'SABANALARGA', '8638', 1),
(161, 4, 'SANTA LUCIA', '8675', 1),
(162, 4, 'SANTO TOMAS', '8685', 1),
(163, 4, 'SOLEDAD', '8758', 1),
(164, 4, 'SUAN', '8770', 1),
(165, 4, 'TUBARA', '8832', 1),
(166, 4, 'USIACURÖ', '8849', 1),
(167, 14, 'BOGOTA, D.C.', '11001', 1),
(168, 5, 'CARTAGENA', '13001', 1),
(169, 5, 'ACHI', '13006', 1),
(170, 5, 'ALTOS DEL ROSARIO', '13030', 1),
(171, 5, 'ARENAL', '13042', 1),
(172, 5, 'ARJONA', '13052', 1),
(173, 5, 'ARROYOHONDO', '13062', 1),
(174, 5, 'BARRANCO DE LOBA', '13074', 1),
(175, 5, 'CALAMAR', '13140', 1),
(176, 5, 'CANTAGALLO', '13160', 1),
(177, 5, 'CICUCO', '13188', 1),
(178, 5, 'CORDOBA', '13212', 1),
(179, 5, 'CLEMENCIA', '13222', 1),
(180, 5, 'EL CARMEN DE BOLÖVAR', '13244', 1),
(181, 5, 'EL GUAMO', '13248', 1),
(182, 5, 'EL PEÑON', '13268', 1),
(183, 5, 'HATILLO DE LOBA', '13300', 1),
(184, 5, 'MAGANGU', '13430', 1),
(185, 5, 'MAHATES', '13433', 1),
(186, 5, 'MARGARITA', '13440', 1),
(187, 5, 'MARIA LA BAJA', '13442', 1),
(188, 5, 'MONTECRISTO', '13458', 1),
(189, 5, 'MOMPOS', '13468', 1),
(190, 5, 'MORALES', '13473', 1),
(191, 5, 'NOROSI', '13490', 1),
(192, 5, 'PINILLOS', '13549', 1),
(193, 5, 'REGIDOR', '13580', 1),
(194, 5, 'RIO VIEJO', '13600', 1),
(195, 5, 'SAN CRISTOBAL', '13620', 1),
(196, 5, 'SAN ESTANISLAO', '13647', 1),
(197, 5, 'SAN FERNANDO', '13650', 1),
(198, 5, 'SAN JACINTO', '13654', 1),
(199, 5, 'SAN JACINTO DEL CAUCA', '13655', 1),
(200, 5, 'SAN JUAN NEPOMUCENO', '13657', 1),
(201, 5, 'SAN MARTIN DE LOBA', '13667', 1),
(202, 5, 'SAN PABLO', '13670', 1),
(203, 5, 'SANTA CATALINA', '13673', 1),
(204, 5, 'SANTA ROSA', '13683', 1),
(205, 5, 'SANTA ROSA DEL SUR', '13688', 1),
(206, 5, 'SIMITI', '13744', 1),
(207, 5, 'SOPLAVIENTO', '13760', 1),
(208, 5, 'TALAIGUA NUEVO', '13780', 1),
(209, 5, 'TIQUISIO', '13810', 1),
(210, 5, 'TURBACO', '13836', 1),
(211, 5, 'TURBANA', '13838', 1),
(212, 5, 'VILLANUEVA', '13873', 1),
(213, 5, 'ZAMBRANO', '13894', 1),
(214, 6, 'TUNJA', '15001', 1),
(215, 6, 'ALMEIDA', '15022', 1),
(216, 6, 'AQUITANIA', '15047', 1),
(217, 6, 'ARCABUCO', '15051', 1),
(218, 6, 'BELN', '15087', 1),
(219, 6, 'BERBEO', '15090', 1),
(220, 6, 'BETITIVA', '15092', 1),
(221, 6, 'BOAVITA', '15097', 1),
(222, 6, 'BOYACA', '15104', 1),
(223, 6, 'BRICEÑO', '15106', 1),
(224, 6, 'BUENAVISTA', '15109', 1),
(225, 6, 'BUSBANZA', '15114', 1),
(226, 6, 'CALDAS', '15131', 1),
(227, 6, 'CAMPOHERMOSO', '15135', 1),
(228, 6, 'CERINZA', '15162', 1),
(229, 6, 'CHINAVITA', '15172', 1),
(230, 6, 'CHIQUINQUIRA', '15176', 1),
(231, 6, 'CHISCAS', '15180', 1),
(232, 6, 'CHITA', '15183', 1),
(233, 6, 'CHITARAQUE', '15185', 1),
(234, 6, 'CHIVATA', '15187', 1),
(235, 6, 'CINEGA', '15189', 1),
(236, 6, 'COMBITA', '15204', 1),
(237, 6, 'COPER', '15212', 1),
(238, 6, 'CORRALES', '15215', 1),
(239, 6, 'COVARACHÖA', '15218', 1),
(240, 6, 'CUBARA', '15223', 1),
(241, 6, 'CUCAITA', '15224', 1),
(242, 6, 'CUÖTIVA', '15226', 1),
(243, 6, 'CHÖQUIZA', '15232', 1),
(244, 6, 'CHIVOR', '15236', 1),
(245, 6, 'DUITAMA', '15238', 1),
(246, 6, 'EL COCUY', '15244', 1),
(247, 6, 'EL ESPINO', '15248', 1),
(248, 6, 'FIRAVITOBA', '15272', 1),
(249, 6, 'FLORESTA', '15276', 1),
(250, 6, 'GACHANTIVA', '15293', 1),
(251, 6, 'GAMEZA', '15296', 1),
(252, 6, 'GARAGOA', '15299', 1),
(253, 6, 'GUACAMAYAS', '15317', 1),
(254, 6, 'GUATEQUE', '15322', 1),
(255, 6, 'GUAYATA', '15325', 1),
(256, 6, 'GUICAN', '15332', 1),
(257, 6, 'IZA', '15362', 1),
(258, 6, 'JENESANO', '15367', 1),
(259, 6, 'JERICO', '15368', 1),
(260, 6, 'LABRANZAGRANDE', '15377', 1),
(261, 6, 'LA CAPILLA', '15380', 1),
(262, 6, 'LA VICTORIA', '15401', 1),
(263, 6, 'LA UVITA', '15403', 1),
(264, 6, 'VILLA DE LEYVA', '15407', 1),
(265, 6, 'MACANAL', '15425', 1),
(266, 6, 'MARIPI', '15442', 1),
(267, 6, 'MIRAFLORES', '15455', 1),
(268, 6, 'MONGUA', '15464', 1),
(269, 6, 'MONGUI', '15466', 1),
(270, 6, 'MONIQUIRA', '15469', 1),
(271, 6, 'MOTAVITA', '15476', 1),
(272, 6, 'MUZO', '15480', 1),
(273, 6, 'NOBSA', '15491', 1),
(274, 6, 'NUEVO COLON', '15494', 1),
(275, 6, 'OICATA', '15500', 1),
(276, 6, 'OTANCHE', '15507', 1),
(277, 6, 'PACHAVITA', '15511', 1),
(278, 6, 'PAEZ', '15514', 1),
(279, 6, 'PAIPA', '15516', 1),
(280, 6, 'PAJARITO', '15518', 1),
(281, 6, 'PANQUEBA', '15522', 1),
(282, 6, 'PAUNA', '15531', 1),
(283, 6, 'PAYA', '15533', 1),
(284, 6, 'PAZ DE RIO', '15537', 1),
(285, 6, 'PESCA', '15542', 1),
(286, 6, 'PISBA', '15550', 1),
(287, 6, 'PUERTO BOYACA', '15572', 1),
(288, 6, 'QUIPAMA', '15580', 1),
(289, 6, 'RAMIRIQUÖ', '15599', 1),
(290, 6, 'RAQUIRA', '15600', 1),
(291, 6, 'RONDON', '15621', 1),
(292, 6, 'SABOYA', '15632', 1),
(293, 6, 'SACHICA', '15638', 1),
(294, 6, 'SAMACA', '15646', 1),
(295, 6, 'SAN EDUARDO', '15660', 1),
(296, 6, 'SAN JOS DE PARE', '15664', 1),
(297, 6, 'SAN LUIS DE GACENO', '15667', 1),
(298, 6, 'SAN MATEO', '15673', 1),
(299, 6, 'SAN MIGUEL DE SEMA', '15676', 1),
(300, 6, 'SAN PABLO DE BORBUR', '15681', 1),
(301, 6, 'SANTANA', '15686', 1),
(302, 6, 'SANTA MARÖA', '15690', 1),
(303, 6, 'SANTA ROSA DE VITERBO', '15693', 1),
(304, 6, 'SANTA SOFÖA', '15696', 1),
(305, 6, 'SATIVANORTE', '15720', 1),
(306, 6, 'SATIVASUR', '15723', 1),
(307, 6, 'SIACHOQUE', '15740', 1),
(308, 6, 'SOATA', '15753', 1),
(309, 6, 'SOCOTA', '15755', 1),
(310, 6, 'SOCHA', '15757', 1),
(311, 6, 'SOGAMOSO', '15759', 1),
(312, 6, 'SOMONDOCO', '15761', 1),
(313, 6, 'SORA', '15762', 1),
(314, 6, 'SOTAQUIRA', '15763', 1),
(315, 6, 'SORACA', '15764', 1),
(316, 6, 'SUSACON', '15774', 1),
(317, 6, 'SUTAMARCHAN', '15776', 1),
(318, 6, 'SUTATENZA', '15778', 1),
(319, 6, 'TASCO', '15790', 1),
(320, 6, 'TENZA', '15798', 1),
(321, 6, 'TIBANA', '15804', 1),
(322, 6, 'TIBASOSA', '15806', 1),
(323, 6, 'TINJACA', '15808', 1),
(324, 6, 'TIPACOQUE', '15810', 1),
(325, 6, 'TOCA', '15814', 1),
(326, 6, 'TOGOSA', '15816', 1),
(327, 6, 'TOPAGA', '15820', 1),
(328, 6, 'TOTA', '15822', 1),
(329, 6, 'TUNUNGUA', '15832', 1),
(330, 6, 'TURMEQU', '15835', 1),
(331, 6, 'TUTA', '15837', 1),
(332, 6, 'TUTAZA', '15839', 1),
(333, 6, 'UMBITA', '15842', 1),
(334, 6, 'VENTAQUEMADA', '15861', 1),
(335, 6, 'VIRACACHA', '15879', 1),
(336, 6, 'ZETAQUIRA', '15897', 1),
(337, 7, 'MANIZALES', '17001', 1),
(338, 7, 'AGUADAS', '17013', 1),
(339, 7, 'ANSERMA', '17042', 1),
(340, 7, 'ARANZAZU', '17050', 1),
(341, 7, 'BELALCAZAR', '17088', 1),
(342, 7, 'CHINCHINA', '17174', 1),
(343, 7, 'FILADELFIA', '17272', 1),
(344, 7, 'LA DORADA', '17380', 1),
(345, 7, 'LA MERCED', '17388', 1),
(346, 7, 'MANZANARES', '17433', 1),
(347, 7, 'MARMATO', '17442', 1),
(348, 7, 'MARQUETALIA', '17444', 1),
(349, 7, 'MARULANDA', '17446', 1),
(350, 7, 'NEIRA', '17486', 1),
(351, 7, 'NORCASIA', '17495', 1),
(352, 7, 'PACORA', '17513', 1),
(353, 7, 'PALESTINA', '17524', 1),
(354, 7, 'PENSILVANIA', '17541', 1),
(355, 7, 'RIOSUCIO', '17614', 1),
(356, 7, 'RISARALDA', '17616', 1),
(357, 7, 'SALAMINA', '17653', 1),
(358, 7, 'SAMANA', '17662', 1),
(359, 7, 'SAN JOS', '17665', 1),
(360, 7, 'SUPIA', '17777', 1),
(361, 7, 'VICTORIA', '17867', 1),
(362, 7, 'VILLAMARIA', '17873', 1),
(363, 7, 'VITERBO', '17877', 1),
(364, 8, 'FLORENCIA', '18001', 1),
(365, 8, 'ALBANIA', '18029', 1),
(366, 8, 'BELN DE LOS ANDAQUIES', '18094', 1),
(367, 8, 'CARTAGENA DEL CHAIRA', '18150', 1),
(368, 8, 'CURILLO', '18205', 1),
(369, 8, 'EL DONCELLO', '18247', 1),
(370, 8, 'EL PAUJIL', '18256', 1),
(371, 8, 'LA MONTAÑITA', '18410', 1),
(372, 8, 'MILAN', '18460', 1),
(373, 8, 'MORELIA', '18479', 1),
(374, 8, 'PUERTO RICO', '18592', 1),
(375, 8, 'SAN JOS DEL FRAGUA', '18610', 1),
(376, 8, 'SAN VICENTE DEL CAGUAN', '18753', 1),
(377, 8, 'SOLANO', '18756', 1),
(378, 8, 'SOLITA', '18785', 1),
(379, 8, 'VALPARAISO', '18860', 1),
(380, 9, 'YOPAL', '85001', 1),
(381, 9, 'AGUAZUL', '85010', 1),
(382, 9, 'CHAMEZA', '85015', 1),
(383, 9, 'HATO COROZAL', '85125', 1),
(384, 9, 'LA SALINA', '85136', 1),
(385, 9, 'MANI', '85139', 1),
(386, 9, 'MONTERREY', '85162', 1),
(387, 9, 'NUNCHIA', '85225', 1),
(388, 9, 'OROCU', '85230', 1),
(389, 9, 'PAZ DE ARIPORO', '85250', 1),
(390, 9, 'PORE', '85263', 1),
(391, 9, 'RECETOR', '85279', 1),
(392, 9, 'SABANALARGA', '85300', 1),
(393, 9, 'SACAMA', '85315', 1),
(394, 9, 'SAN LUIS DE PALENQUE', '85325', 1),
(395, 9, 'TAMARA', '85400', 1),
(396, 9, 'TAURAMENA', '85410', 1),
(397, 9, 'TRINIDAD', '85430', 1),
(398, 9, 'VILLANUEVA', '85440', 1),
(399, 10, 'POPAYAN', '19001', 1),
(400, 10, 'ALMAGUER', '19022', 1),
(401, 10, 'ARGELIA', '19050', 1),
(402, 10, 'BALBOA', '19075', 1),
(403, 10, 'BOLIVAR', '19100', 1),
(404, 10, 'BUENOS AIRES', '19110', 1),
(405, 10, 'CAJIBIO', '19130', 1),
(406, 10, 'CALDONO', '19137', 1),
(407, 10, 'CALOTO', '19142', 1),
(408, 10, 'CORINTO', '19212', 1),
(409, 10, 'EL TAMBO', '19256', 1),
(410, 10, 'FLORENCIA', '19290', 1),
(411, 10, 'GUACHEN', '19300', 1),
(412, 10, 'GUAPI', '19318', 1),
(413, 10, 'INZA', '19355', 1),
(414, 10, 'JAMBALO', '19364', 1),
(415, 10, 'LA SIERRA', '19392', 1),
(416, 10, 'LA VEGA', '19397', 1),
(417, 10, 'LOPEZ', '19418', 1),
(418, 10, 'MERCADERES', '19450', 1),
(419, 10, 'MIRANDA', '19455', 1),
(420, 10, 'MORALES', '19473', 1),
(421, 10, 'PADILLA', '19513', 1),
(422, 10, 'PAEZ', '19517', 1),
(423, 10, 'PATIA', '19532', 1),
(424, 10, 'PIAMONTE', '19533', 1),
(425, 10, 'PIENDAMO', '19548', 1),
(426, 10, 'PUERTO TEJADA', '19573', 1),
(427, 10, 'PURAC', '19585', 1),
(428, 10, 'ROSAS', '19622', 1),
(429, 10, 'SAN SEBASTIAN', '19693', 1),
(430, 10, 'SANTANDER DE QUILICHAO', '19698', 1),
(431, 10, 'SANTA ROSA', '19701', 1),
(432, 10, 'SILVIA', '19743', 1),
(433, 10, 'SOTARA', '19760', 1),
(434, 10, 'SUCREZ', '19780', 1),
(435, 10, 'SUCRE', '19785', 1),
(436, 10, 'TIMBIO', '19807', 1),
(437, 10, 'TIMBIQUI', '19809', 1),
(438, 10, 'TORIBIO', '19821', 1),
(439, 10, 'TOTORO', '19824', 1),
(440, 10, 'VILLA RICA', '19845', 1),
(441, 11, 'VALLEDUPAR', '20001', 1),
(442, 11, 'AGUACHICA', '20011', 1),
(443, 11, 'AGUSTÖN CODAZZI', '20013', 1),
(444, 11, 'ASTREA', '20032', 1),
(445, 11, 'BECERRIL', '20045', 1),
(446, 11, 'BOSCONIA', '20060', 1),
(447, 11, 'CHIMICHAGUA', '20175', 1),
(448, 11, 'CHIRIGUANA', '20178', 1),
(449, 11, 'CURUMANÖ', '20228', 1),
(450, 11, 'EL COPEY', '20238', 1),
(451, 11, 'EL PASO', '20250', 1),
(452, 11, 'GAMARRA', '20295', 1),
(453, 11, 'GONZALEZ', '20310', 1),
(454, 11, 'LA GLORIA', '20383', 1),
(455, 11, 'LA JAGUA DE IBIRICO', '20400', 1),
(456, 11, 'MANAURE', '20443', 1),
(457, 11, 'PAILITAS', '20517', 1),
(458, 11, 'PELAYA', '20550', 1),
(459, 11, 'PUEBLO BELLO', '20570', 1),
(460, 11, 'RIO DE ORO', '20614', 1),
(461, 11, 'LA PAZ', '20621', 1),
(462, 11, 'SAN ALBERTO', '20710', 1),
(463, 11, 'SAN DIEGO', '20750', 1),
(464, 11, 'SAN MARTÖN', '20770', 1),
(465, 11, 'TAMALAMEQUE', '20787', 1),
(466, 12, 'QUIBDO', '27001', 1),
(467, 12, 'ACANDI', '27006', 1),
(468, 12, 'ALTO BAUDO', '27025', 1),
(469, 12, 'ATRATO', '27050', 1),
(470, 12, 'BAGADO', '27073', 1),
(471, 12, 'BAHIA SOLANO', '27075', 1),
(472, 12, 'BAJO BAUDO', '27077', 1),
(473, 12, 'BOJAYA', '27099', 1),
(474, 12, 'EL CANTON DEL SAN PABLO', '27135', 1),
(475, 12, 'CARMEN DEL DARIN', '27150', 1),
(476, 12, 'CRTEGUI', '27160', 1),
(477, 12, 'CONDOTO', '27205', 1),
(478, 12, 'EL CARMEN DE ATRATO', '27245', 1),
(479, 12, 'EL LITORAL DEL SAN JUAN', '27250', 1),
(480, 12, 'ISTMINA', '27361', 1),
(481, 12, 'JURADO', '27372', 1),
(482, 12, 'LLORO', '27413', 1),
(483, 12, 'MEDIO ATRATO', '27425', 1),
(484, 12, 'MEDIO BAUDO', '27430', 1),
(485, 12, 'MEDIO SAN JUAN', '27450', 1),
(486, 12, 'NOVITA', '27491', 1),
(487, 12, 'NUQUI', '27495', 1),
(488, 12, 'RIO IRO', '27580', 1),
(489, 12, 'RIO QUITO', '27600', 1),
(490, 12, 'RIOSUCIO', '27615', 1),
(491, 12, 'SAN JOS DEL PALMAR', '27660', 1),
(492, 12, 'SIPO', '27745', 1),
(493, 12, 'TADO', '27787', 1),
(494, 12, 'UNGUIA', '27800', 1),
(495, 12, 'UNION PANAMERICANA', '27810', 1),
(496, 13, 'MONTERIA', '23001', 1),
(497, 13, 'AYAPEL', '23068', 1),
(498, 13, 'BUENAVISTA', '23079', 1),
(499, 13, 'CANALETE', '23090', 1),
(500, 13, 'CERET', '23162', 1),
(501, 13, 'CHIMA', '23168', 1),
(502, 13, 'CHINé', '23182', 1),
(503, 13, 'CINAGA DE ORO', '23189', 1),
(504, 13, 'COTORRA', '23300', 1),
(505, 13, 'LA APARTADA', '23350', 1),
(506, 13, 'LORICA', '23417', 1),
(507, 13, 'LOS CàRDOBAS', '23419', 1),
(508, 13, 'MOMIL', '23464', 1),
(509, 13, 'MONTELIBANO', '23466', 1),
(510, 13, 'MOÑITOS', '23500', 1),
(511, 13, 'PLANETA RICA', '23555', 1),
(512, 13, 'PUEBLO NUEVO', '23570', 1),
(513, 13, 'PUERTO ESCONDIDO', '23574', 1),
(514, 13, 'PUERTO LIBERTADOR', '23580', 1),
(515, 13, 'PURISIMA', '23586', 1),
(516, 13, 'SAHAGéN', '23660', 1),
(517, 13, 'SAN ANDRS SOTAVENTO', '23670', 1),
(518, 13, 'SAN ANTERO', '23672', 1),
(519, 13, 'SAN BERNARDO DEL VIENTO', '23675', 1),
(520, 13, 'SAN CARLOS', '23678', 1),
(521, 13, 'SAN JOS DE UR', '23682', 1),
(522, 13, 'SAN PELAYO', '23686', 1),
(523, 13, 'TIERRALTA', '23807', 1),
(524, 13, 'TUCHIN', '23815', 1),
(525, 13, 'VALENCIA', '23855', 1),
(526, 14, 'AGUA DE DIOS', '25001', 1),
(527, 14, 'ALBAN', '25019', 1),
(528, 14, 'ANAPOIMA', '25035', 1),
(529, 14, 'ANOLAIMA', '25040', 1),
(530, 14, 'ARBELAEZ', '25053', 1),
(531, 14, 'BELTRAN', '25086', 1),
(532, 14, 'BITUIMA', '25095', 1),
(533, 14, 'BOJACA', '25099', 1),
(534, 14, 'CABRERA', '25120', 1),
(535, 14, 'CACHIPAY', '25123', 1),
(536, 14, 'CAJICA', '25126', 1),
(537, 14, 'CAPARRAPÖ', '25148', 1),
(538, 14, 'CAQUEZA', '25151', 1),
(539, 14, 'CARMEN DE CARUPA', '25154', 1),
(540, 14, 'CHAGUANI', '25168', 1),
(541, 14, 'CHIA', '25175', 1),
(542, 14, 'CHIPAQUE', '25178', 1),
(543, 14, 'CHOACHI', '25181', 1),
(544, 14, 'CHOCONTA', '25183', 1),
(545, 14, 'COGUA', '25200', 1),
(546, 14, 'COTA', '25214', 1),
(547, 14, 'CUCUNUBA', '25224', 1),
(548, 14, 'EL COLEGIO', '25245', 1),
(549, 14, 'EL PEÑON', '25258', 1),
(550, 14, 'EL ROSAL', '25260', 1),
(551, 14, 'FACATATIVA', '25269', 1),
(552, 14, 'FOMEQUE', '25279', 1),
(553, 14, 'FOSCA', '25281', 1),
(554, 14, 'FUNZA', '25286', 1),
(555, 14, 'FUQUENE', '25288', 1),
(556, 14, 'FUSAGASUGA', '25290', 1),
(557, 14, 'GACHALA', '25293', 1),
(558, 14, 'GACHANCIPA', '25295', 1),
(559, 14, 'GACHETA', '25297', 1),
(560, 14, 'GAMA', '25299', 1),
(561, 14, 'GIRARDOT', '25307', 1),
(562, 14, 'GRANADA', '25312', 1),
(563, 14, 'GUACHETA', '25317', 1),
(564, 14, 'GUADUAS', '25320', 1),
(565, 14, 'GUASCA', '25322', 1),
(566, 14, 'GUATAQUÖ', '25324', 1),
(567, 14, 'GUATAVITA', '25326', 1),
(568, 14, 'GUAYABAL DE SIQUIMA', '25328', 1),
(569, 14, 'GUAYABETAL', '25335', 1),
(570, 14, 'GUTIRREZ', '25339', 1),
(571, 14, 'JERUSALN', '25368', 1),
(572, 14, 'JUNIN', '25372', 1),
(573, 14, 'LA CALERA', '25377', 1),
(574, 14, 'LA MESA', '25386', 1),
(575, 14, 'LA PALMA', '25394', 1),
(576, 14, 'LA PEÑA', '25398', 1),
(577, 14, 'LA VEGA', '25402', 1),
(578, 14, 'LENGUAZAQUE', '25407', 1),
(579, 14, 'MACHETA', '25426', 1),
(580, 14, 'MADRID', '25430', 1),
(581, 14, 'MANTA', '25436', 1),
(582, 14, 'MEDINA', '25438', 1),
(583, 14, 'MOSQUERA', '25473', 1),
(584, 14, 'NARIÑO', '25483', 1),
(585, 14, 'NEMOCON', '25486', 1),
(586, 14, 'NILO', '25488', 1),
(587, 14, 'NIMAIMA', '25489', 1),
(588, 14, 'NOCAIMA', '25491', 1),
(589, 14, 'VENECIA', '25506', 1),
(590, 14, 'PACHO', '25513', 1),
(591, 14, 'PAIME', '25518', 1),
(592, 14, 'PANDI', '25524', 1),
(593, 14, 'PARATEBUENO', '25530', 1),
(594, 14, 'PASCA', '25535', 1),
(595, 14, 'PUERTO SALGAR', '25572', 1),
(596, 14, 'PULI', '25580', 1),
(597, 14, 'QUEBRADANEGRA', '25592', 1),
(598, 14, 'QUETAME', '25594', 1),
(599, 14, 'QUIPILE', '25596', 1),
(600, 14, 'APULO', '25599', 1),
(601, 14, 'RICAURTE', '25612', 1),
(602, 14, 'SAN ANTONIO DEL TEQUENDAMA', '25645', 1),
(603, 14, 'SAN BERNARDO', '25649', 1),
(604, 14, 'SAN CAYETANO', '25653', 1),
(605, 14, 'SAN FRANCISCO', '25658', 1),
(606, 14, 'SAN JUAN DE RÖO SECO', '25662', 1),
(607, 14, 'SASAIMA', '25718', 1),
(608, 14, 'SESQUIL', '25736', 1),
(609, 14, 'SIBAT', '25740', 1),
(610, 14, 'SILVANIA', '25743', 1),
(611, 14, 'SIMIJACA', '25745', 1),
(612, 14, 'SOACHA', '25754', 1),
(613, 14, 'SOPO', '25758', 1),
(614, 14, 'SUBACHOQUE', '25769', 1),
(615, 14, 'SUESCA', '25772', 1),
(616, 14, 'SUPATA', '25777', 1),
(617, 14, 'SUSA', '25779', 1),
(618, 14, 'SUTATAUSA', '25781', 1),
(619, 14, 'TABIO', '25785', 1),
(620, 14, 'TAUSA', '25793', 1),
(621, 14, 'TENA', '25797', 1),
(622, 14, 'TENJO', '25799', 1),
(623, 14, 'TIBACUY', '25805', 1),
(624, 14, 'TIBIRITA', '25807', 1),
(625, 14, 'TOCAIMA', '25815', 1),
(626, 14, 'TOCANCIPA', '25817', 1),
(627, 14, 'TOPAIPI', '25823', 1),
(628, 14, 'UBALA', '25839', 1),
(629, 14, 'UBAQUE', '25841', 1),
(630, 14, 'VILLA DE SAN DIEGO DE UBATE', '25843', 1),
(631, 14, 'UNE', '25845', 1),
(632, 14, 'UTICA', '25851', 1),
(633, 14, 'VERGARA', '25862', 1),
(634, 14, 'VIANI', '25867', 1),
(635, 14, 'VILLAGàMEZ', '25871', 1),
(636, 14, 'VILLAPINZàN', '25873', 1),
(637, 14, 'VILLETA', '25875', 1),
(638, 14, 'VIOTA', '25878', 1),
(639, 14, 'YACOPI', '25885', 1),
(640, 14, 'ZIPACON', '25898', 1),
(641, 14, 'ZIPAQUIRA', '25899', 1),
(642, 15, 'INIRIDA', '94001', 1),
(643, 15, 'BARRANCO MINAS', '94343', 1),
(644, 15, 'MAPIRIPANA', '94663', 1),
(645, 15, 'SAN FELIPE', '94883', 1),
(646, 15, 'PUERTO COLOMBIA', '94884', 1),
(647, 15, 'LA GUADALUPE', '94885', 1),
(648, 15, 'CACAHUAL', '94886', 1),
(649, 15, 'PANA PANA', '94887', 1),
(650, 15, 'MORICHAL', '94888', 1),
(651, 17, 'SAN JOS DEL GUAVIARE', '95001', 1),
(652, 17, 'CALAMAR', '95015', 1),
(653, 17, 'EL RETORNO', '95025', 1),
(654, 17, 'MIRAFLORES', '95200', 1),
(655, 18, 'NEIVA', '41001', 1),
(656, 18, 'ACEVEDO', '41006', 1),
(657, 18, 'AGRADO', '41013', 1),
(658, 18, 'AIPE', '41016', 1),
(659, 18, 'ALGECIRAS', '41020', 1),
(660, 18, 'ALTAMIRA', '41026', 1),
(661, 18, 'BARAYA', '41078', 1),
(662, 18, 'CAMPOALEGRE', '41132', 1),
(663, 18, 'COLOMBIA', '41206', 1),
(664, 18, 'ELIAS', '41244', 1),
(665, 18, 'GARZON', '41298', 1),
(666, 18, 'GIGANTE', '41306', 1),
(667, 18, 'GUADALUPE', '41319', 1),
(668, 18, 'HOBO', '41349', 1),
(669, 18, 'IQUIRA', '41357', 1),
(670, 18, 'ISNOS', '41359', 1),
(671, 18, 'LA ARGENTINA', '41378', 1),
(672, 18, 'LA PLATA', '41396', 1),
(673, 18, 'NATAGA', '41483', 1),
(674, 18, 'OPORAPA', '41503', 1),
(675, 18, 'PAICOL', '41518', 1),
(676, 18, 'PALERMO', '41524', 1),
(677, 18, 'PALESTINA', '41530', 1),
(678, 18, 'PITAL', '41548', 1),
(679, 18, 'PITALITO', '41551', 1),
(680, 18, 'RIVERA', '41615', 1),
(681, 18, 'SALADOBLANCO', '41660', 1),
(682, 18, 'SAN AGUSTÖN', '41668', 1),
(683, 18, 'SANTA MARÖA', '41676', 1),
(684, 18, 'SUAZA', '41770', 1),
(685, 18, 'TARQUI', '41791', 1),
(686, 18, 'TESALIA', '41797', 1),
(687, 18, 'TELLO', '41799', 1),
(688, 18, 'TERUEL', '41801', 1),
(689, 18, 'TIMANA', '41807', 1),
(690, 18, 'VILLAVIEJA', '41872', 1),
(691, 18, 'YAGUARA', '41885', 1),
(692, 16, 'RIOHACHA', '44001', 1),
(693, 16, 'ALBANIA', '44035', 1),
(694, 16, 'BARRANCAS', '44078', 1),
(695, 16, 'DIBULLA', '44090', 1),
(696, 16, 'DISTRACCIàN', '44098', 1),
(697, 16, 'EL MOLINO', '44110', 1),
(698, 16, 'FONSECA', '44279', 1),
(699, 16, 'HATONUEVO', '44378', 1),
(700, 16, 'LA JAGUA DEL PILAR', '44420', 1),
(701, 16, 'MAICAO', '44430', 1),
(702, 16, 'MANAURE', '44560', 1),
(703, 16, 'SAN JUAN DEL CESAR', '44650', 1),
(704, 16, 'URIBIA', '44847', 1),
(705, 16, 'URUMITA', '44855', 1),
(706, 16, 'VILLANUEVA', '44874', 1),
(707, 19, 'SANTA MARTA', '47001', 1),
(708, 19, 'ALGARROBO', '47030', 1),
(709, 19, 'ARACATACA', '47053', 1),
(710, 19, 'ARIGUANI', '47058', 1),
(711, 19, 'CERRO SAN ANTONIO', '47161', 1),
(712, 19, 'CHIVOLO', '47170', 1),
(713, 19, 'CINAGA', '47189', 1),
(714, 19, 'CONCORDIA', '47205', 1),
(715, 19, 'EL BANCO', '47245', 1),
(716, 19, 'EL PIÑON', '47258', 1),
(717, 19, 'EL RETN', '47268', 1),
(718, 19, 'FUNDACIàN', '47288', 1),
(719, 19, 'GUAMAL', '47318', 1),
(720, 19, 'NUEVA GRANADA', '47460', 1),
(721, 19, 'PEDRAZA', '47541', 1),
(722, 19, 'PIJIÑO DEL CARMEN', '47545', 1),
(723, 19, 'PIVIJAY', '47551', 1),
(724, 19, 'PLATO', '47555', 1),
(725, 19, 'PUEBLOVIEJO', '47570', 1),
(726, 19, 'REMOLINO', '47605', 1),
(727, 19, 'SABANAS DE SAN ANGEL', '47660', 1),
(728, 19, 'SALAMINA', '47675', 1),
(729, 19, 'SAN SEBASTIAN DE BUENAVISTA', '47692', 1),
(730, 19, 'SAN ZENON', '47703', 1),
(731, 19, 'SANTA ANA', '47707', 1),
(732, 19, 'SANTA BµRBARA DE PINTO', '47720', 1),
(733, 19, 'SITIONUEVO', '47745', 1),
(734, 19, 'TENERIFE', '47798', 1),
(735, 19, 'ZAPAYAN', '47960', 1),
(736, 19, 'ZONA BANANERA', '47980', 1),
(737, 20, 'VILLAVICENCIO', '50001', 1),
(738, 20, 'ACACIAS', '50006', 1),
(739, 20, 'BARRANCA DE UPÖA', '50110', 1),
(740, 20, 'CABUYARO', '50124', 1),
(741, 20, 'CASTILLA LA NUEVA', '50150', 1),
(742, 20, 'CUBARRAL', '50223', 1),
(743, 20, 'CUMARAL', '50226', 1),
(744, 20, 'EL CALVARIO', '50245', 1),
(745, 20, 'EL CASTILLO', '50251', 1),
(746, 20, 'EL DORADO', '50270', 1),
(747, 20, 'FUENTE DE ORO', '50287', 1),
(748, 20, 'GRANADA', '50313', 1),
(749, 20, 'GUAMAL', '50318', 1),
(750, 20, 'MAPIRIPAN', '50325', 1),
(751, 20, 'MESETAS', '50330', 1),
(752, 20, 'LA MACARENA', '50350', 1),
(753, 20, 'URIBE', '50370', 1),
(754, 20, 'LEJANIAS', '50400', 1),
(755, 20, 'PUERTO CONCORDIA', '50450', 1),
(756, 20, 'PUERTO GAITAN', '50568', 1),
(757, 20, 'PUERTO LOPEZ', '50573', 1),
(758, 20, 'PUERTO LLERAS', '50577', 1),
(759, 20, 'PUERTO RICO', '50590', 1),
(760, 20, 'RESTREPO', '50606', 1),
(761, 20, 'SAN CARLOS DE GUAROA', '50680', 1),
(762, 20, 'SAN JUAN DE ARAMA', '50683', 1),
(763, 20, 'SAN JUANITO', '50686', 1),
(764, 20, 'SAN MARTÖN', '50689', 1),
(765, 20, 'VISTAHERMOSA', '50711', 1),
(766, 21, 'PASTO', '52001', 1),
(767, 21, 'ALBAN', '52019', 1),
(768, 21, 'ALDANA', '52022', 1),
(769, 21, 'ANCUYA', '52036', 1),
(770, 21, 'ARBOLEDA', '52051', 1),
(771, 21, 'BARBACOAS', '52079', 1),
(772, 21, 'BELN', '52083', 1),
(773, 21, 'BUESACO', '52110', 1),
(774, 21, 'COLON', '52203', 1),
(775, 21, 'CONSACA', '52207', 1),
(776, 21, 'CONTADERO', '52210', 1),
(777, 21, 'CORDOBA', '52215', 1),
(778, 21, 'CUASPUD', '52224', 1),
(779, 21, 'CUMBAL', '52227', 1),
(780, 21, 'CUMBITARA', '52233', 1),
(781, 21, 'CHACHAGUI', '52240', 1),
(782, 21, 'EL CHARCO', '52250', 1),
(783, 21, 'EL PEÑOL', '52254', 1),
(784, 21, 'EL ROSARIO', '52256', 1),
(785, 21, 'EL TABLON DE GUAMEZ', '52258', 1),
(786, 21, 'EL TAMBO', '52260', 1),
(787, 21, 'FUNES', '52287', 1),
(788, 21, 'GUACHUCAL', '52317', 1),
(789, 21, 'GUAITARILLA', '52320', 1),
(790, 21, 'GUALMATAN', '52323', 1),
(791, 21, 'ILES', '52352', 1),
(792, 21, 'IMUS', '52354', 1),
(793, 21, 'IPIALES', '52356', 1),
(794, 21, 'LA CRUZ', '52378', 1),
(795, 21, 'LA FLORIDA', '52381', 1),
(796, 21, 'LA LLANADA', '52385', 1),
(797, 21, 'LA TOLA', '52390', 1),
(798, 21, 'LA UNION', '52399', 1),
(799, 21, 'LEIVA', '52405', 1),
(800, 21, 'LINARES', '52411', 1),
(801, 21, 'LOS ANDES', '52418', 1),
(802, 21, 'MAGUI(PAYAN)', '52427', 1),
(803, 21, 'MALLAMA', '52435', 1),
(804, 21, 'MOSQUERA', '52473', 1),
(805, 21, 'NARIÑO', '52480', 1),
(806, 21, 'OLAYA HERRERA', '52490', 1),
(807, 21, 'OSPINA', '52506', 1),
(808, 21, 'FRANCISCO PIZARRO', '52520', 1),
(809, 21, 'POLICARPA', '52540', 1),
(810, 21, 'POTOSI', '52560', 1),
(811, 21, 'PROVIDENCIA', '52565', 1),
(812, 21, 'PUERRES', '52573', 1),
(813, 21, 'PUPIALES', '52585', 1),
(814, 21, 'RICAURTE', '52612', 1),
(815, 21, 'ROBERTO PAYAN', '52621', 1),
(816, 21, 'SAMANIEGO', '52678', 1),
(817, 21, 'SANDONA', '52683', 1),
(818, 21, 'SAN BERNARDO', '52685', 1),
(819, 21, 'SAN LORENZO', '52687', 1),
(820, 21, 'SAN PABLO', '52693', 1),
(821, 21, 'SAN PEDRO DE CARTAGO', '52694', 1),
(822, 21, 'SANTA BARBARA', '52696', 1),
(823, 21, 'SANTACRUZ', '52699', 1),
(824, 21, 'SAPUYES', '52720', 1),
(825, 21, 'TAMINANGO', '52786', 1),
(826, 21, 'TANGUA', '52788', 1),
(827, 21, 'SAN ANDRES DE TUMACO', '52835', 1),
(828, 21, 'TUQUERRES', '52838', 1),
(829, 21, 'YACUANQUER', '52885', 1),
(830, 22, 'CUCUTA', '54001', 1),
(831, 22, 'ABREGO', '54003', 1),
(832, 22, 'ARBOLEDAS', '54051', 1),
(833, 22, 'BOCHALEMA', '54099', 1),
(834, 22, 'BUCARASICA', '54109', 1),
(835, 22, 'CACOTA', '54125', 1),
(836, 22, 'CACHIRA', '54128', 1),
(837, 22, 'CHINACOTA', '54172', 1),
(838, 22, 'CHITAGA', '54174', 1),
(839, 22, 'CONVENCION', '54206', 1),
(840, 22, 'CUCUTILLA', '54223', 1),
(841, 22, 'DURANIA', '54239', 1),
(842, 22, 'EL CARMEN', '54245', 1),
(843, 22, 'EL TARRA', '54250', 1),
(844, 22, 'EL ZULIA', '54261', 1),
(845, 22, 'GRAMALOTE', '54313', 1),
(846, 22, 'HACARI', '54344', 1),
(847, 22, 'HERRAN', '54347', 1),
(848, 22, 'LABATECA', '54377', 1),
(849, 22, 'LA ESPERANZA', '54385', 1),
(850, 22, 'LA PLAYA', '54398', 1),
(851, 22, 'LOS PATIOS', '54405', 1),
(852, 22, 'LOURDES', '54418', 1),
(853, 22, 'MUTISCUA', '54480', 1),
(854, 22, 'OCAÑA', '54498', 1),
(855, 22, 'PAMPLONA', '54518', 1),
(856, 22, 'PAMPLONITA', '54520', 1),
(857, 22, 'PUERTO SANTANDER', '54553', 1),
(858, 22, 'RAGONVALIA', '54599', 1),
(859, 22, 'SALAZAR', '54660', 1),
(860, 22, 'SAN CALIXTO', '54670', 1),
(861, 22, 'SAN CAYETANO', '54673', 1),
(862, 22, 'SANTIAGO', '54680', 1),
(863, 22, 'SARDINATA', '54720', 1),
(864, 22, 'SILOS', '54743', 1),
(865, 22, 'TEORAMA', '54800', 1),
(866, 22, 'TIBU', '54810', 1),
(867, 22, 'TOLEDO', '54820', 1),
(868, 22, 'VILLA CARO', '54871', 1),
(869, 22, 'VILLA DEL ROSARIO', '54874', 1),
(870, 23, 'MOCOA', '86001', 1),
(871, 23, 'COLON', '86219', 1),
(872, 23, 'ORITO', '86320', 1),
(873, 23, 'PUERTO ASIS', '86568', 1),
(874, 23, 'PUERTO CAICEDO', '86569', 1),
(875, 23, 'PUERTO GUZMAN', '86571', 1),
(876, 23, 'PUERTO LEGUIZAMO', '86573', 1),
(877, 23, 'SIBUNDOY', '86749', 1),
(878, 23, 'SAN FRANCISCO', '86755', 1),
(879, 23, 'SAN MIGUEL', '86757', 1),
(880, 23, 'SANTIAGO', '86760', 1),
(881, 23, 'VALLE DEL GUAMUEZ', '86865', 1),
(882, 23, 'VILLAGARZON', '86885', 1),
(883, 24, 'ARMENIA', '63001', 1),
(884, 24, 'BUENAVISTA', '63111', 1),
(885, 24, 'CALARCA', '63130', 1),
(886, 24, 'CIRCASIA', '63190', 1),
(887, 24, 'CORDOBA', '63212', 1),
(888, 24, 'FILANDIA', '63272', 1),
(889, 24, 'GNOVA', '63302', 1),
(890, 24, 'LA TEBAIDA', '63401', 1),
(891, 24, 'MONTENEGRO', '63470', 1),
(892, 24, 'PIJAO', '63548', 1),
(893, 24, 'QUIMBAYA', '63594', 1),
(894, 24, 'SALENTO', '63690', 1),
(895, 25, 'PEREIRA', '66001', 1),
(896, 25, 'APIA', '66045', 1),
(897, 25, 'BALBOA', '66075', 1),
(898, 25, 'BELN DE UMBRÖA', '66088', 1),
(899, 25, 'DOSQUEBRADAS', '66170', 1),
(900, 25, 'GUATICA', '66318', 1),
(901, 25, 'LA CELIA', '66383', 1),
(902, 25, 'LA VIRGINIA', '66400', 1),
(903, 25, 'MARSELLA', '66440', 1),
(904, 25, 'MISTRATO', '66456', 1),
(905, 25, 'PUEBLO RICO', '66572', 1),
(906, 25, 'QUINCHIA', '66594', 1),
(907, 25, 'SANTA ROSA DE CABAL', '66682', 1),
(908, 25, 'SANTUARIO', '66687', 1),
(909, 26, 'SAN ANDRS', '88001', 1),
(910, 26, 'PROVIDENCIA', '88564', 1),
(911, 27, 'BUCARAMANGA', '68001', 1),
(912, 27, 'AGUADA', '68013', 1),
(913, 27, 'ALBANIA', '68020', 1),
(914, 27, 'ARATOCA', '68051', 1),
(915, 27, 'BARBOSA', '68077', 1),
(916, 27, 'BARICHARA', '68079', 1),
(917, 27, 'BARRANCABERMEJA', '68081', 1),
(918, 27, 'BETULIA', '68092', 1),
(919, 27, 'BOLIVAR', '68101', 1),
(920, 27, 'CABRERA', '68121', 1),
(921, 27, 'CALIFORNIA', '68132', 1),
(922, 27, 'CAPITANEJO', '68147', 1),
(923, 27, 'CARCASI', '68152', 1),
(924, 27, 'CEPITA', '68160', 1),
(925, 27, 'CERRITO', '68162', 1),
(926, 27, 'CHARALA', '68167', 1),
(927, 27, 'CHARTA', '68169', 1),
(928, 27, 'CHIMA', '68176', 1),
(929, 27, 'CHIPATA', '68179', 1),
(930, 27, 'CIMITARRA', '68190', 1),
(931, 27, 'CONCEPCION', '68207', 1),
(932, 27, 'CONFINES', '68209', 1),
(933, 27, 'CONTRATACION', '68211', 1),
(934, 27, 'COROMORO', '68217', 1),
(935, 27, 'CURITI', '68229', 1),
(936, 27, 'EL CARMEN DE CHUCURÖ', '68235', 1),
(937, 27, 'EL GUACAMAYO', '68245', 1),
(938, 27, 'EL PEÑON', '68250', 1),
(939, 27, 'EL PLAYON', '68255', 1),
(940, 27, 'ENCINO', '68264', 1),
(941, 27, 'ENCISO', '68266', 1),
(942, 27, 'FLORIAN', '68271', 1),
(943, 27, 'FLORIDABLANCA', '68276', 1),
(944, 27, 'GALAN', '68296', 1),
(945, 27, 'GAMBITA', '68298', 1),
(946, 27, 'GIRON', '68307', 1),
(947, 27, 'GUACA', '68318', 1),
(948, 27, 'GUADALUPE', '68320', 1),
(949, 27, 'GUAPOTA', '68322', 1),
(950, 27, 'GUAVATA', '68324', 1),
(951, 27, 'GUEPSA', '68327', 1),
(952, 27, 'HATO', '68344', 1),
(953, 27, 'JESUS MARIA', '68368', 1),
(954, 27, 'JORDAN', '68370', 1),
(955, 27, 'LA BELLEZA', '68377', 1),
(956, 27, 'LANDAZURI', '68385', 1),
(957, 27, 'LA PAZ', '68397', 1),
(958, 27, 'LEBRIJA', '68406', 1),
(959, 27, 'LOS SANTOS', '68418', 1),
(960, 27, 'MACARAVITA', '68425', 1),
(961, 27, 'MALAGA', '68432', 1),
(962, 27, 'MATANZA', '68444', 1),
(963, 27, 'MOGOTES', '68464', 1),
(964, 27, 'MOLAGAVITA', '68468', 1),
(965, 27, 'OCAMONTE', '68498', 1),
(966, 27, 'OIBA', '68500', 1),
(967, 27, 'ONZAGA', '68502', 1),
(968, 27, 'PALMAR', '68522', 1),
(969, 27, 'PALMAS DEL SOCORRO', '68524', 1),
(970, 27, 'PARAMO', '68533', 1),
(971, 27, 'PIEDECUESTA', '68547', 1),
(972, 27, 'PINCHOTE', '68549', 1),
(973, 27, 'PUENTE NACIONAL', '68572', 1),
(974, 27, 'PUERTO PARRA', '68573', 1),
(975, 27, 'PUERTO WILCHES', '68575', 1),
(976, 27, 'RIONEGRO', '68615', 1),
(977, 27, 'SABANA DE TORRES', '68655', 1),
(978, 27, 'SAN ANDRS', '68669', 1),
(979, 27, 'SAN BENITO', '68673', 1),
(980, 27, 'SAN GIL', '68679', 1),
(981, 27, 'SAN JOAQUÖN', '68682', 1),
(982, 27, 'SAN JOS DE MIRANDA', '68684', 1),
(983, 27, 'SAN MIGUEL', '68686', 1),
(984, 27, 'SAN VICENTE DE CHUCURÖ', '68689', 1),
(985, 27, 'SANTA BµRBARA', '68705', 1),
(986, 27, 'SANTA HELENA DEL OPàN', '68720', 1),
(987, 27, 'SIMACOTA', '68745', 1),
(988, 27, 'SOCORRO', '68755', 1),
(989, 27, 'SUAITA', '68770', 1),
(990, 27, 'SUCRE', '68773', 1),
(991, 27, 'SURATA', '68780', 1),
(992, 27, 'TONA', '68820', 1),
(993, 27, 'VALLE DE SAN JOS', '68855', 1),
(994, 27, 'VLEZ', '68861', 1),
(995, 27, 'VETAS', '68867', 1),
(996, 27, 'VILLANUEVA', '68872', 1),
(997, 27, 'ZAPATOCA', '68895', 1),
(998, 28, 'SINCELEJO', '70001', 1),
(999, 28, 'BUENAVISTA', '70110', 1),
(1000, 28, 'CAIMITO', '70124', 1),
(1001, 28, 'COLOSO', '70204', 1),
(1002, 28, 'COROZAL', '70215', 1),
(1003, 28, 'COVEÑAS', '70221', 1),
(1004, 28, 'CHALAN', '70230', 1),
(1005, 28, 'EL ROBLE', '70233', 1),
(1006, 28, 'GALERAS', '70235', 1),
(1007, 28, 'GUARANDA', '70265', 1),
(1008, 28, 'LA UNION', '70400', 1),
(1009, 28, 'LOS PALMITOS', '70418', 1),
(1010, 28, 'MAJAGUAL', '70429', 1),
(1011, 28, 'MORROA', '70473', 1),
(1012, 28, 'OVEJAS', '70508', 1),
(1013, 28, 'PALMITO', '70523', 1),
(1014, 28, 'SAMPUS', '70670', 1),
(1015, 28, 'SAN BENITO ABAD', '70678', 1),
(1016, 28, 'SAN JUAN DE BETULIA', '70702', 1),
(1017, 28, 'SAN MARCOS', '70708', 1),
(1018, 28, 'SAN ONOFRE', '70713', 1),
(1019, 28, 'SAN PEDRO', '70717', 1),
(1020, 28, 'SAN LUIS DE SINC', '70742', 1),
(1021, 28, 'SUCRE', '70771', 1),
(1022, 28, 'SANTIAGO DE TOLU', '70820', 1),
(1023, 28, 'TOLU VIEJO', '70823', 1),
(1024, 29, 'IBAGU', '73001', 1),
(1025, 29, 'ALPUJARRA', '73024', 1),
(1026, 29, 'ALVARADO', '73026', 1),
(1027, 29, 'AMBALEMA', '73030', 1),
(1028, 29, 'ANZOATEGUI', '73043', 1),
(1029, 29, 'ARMERO', '73055', 1),
(1030, 29, 'ATACO', '73067', 1),
(1031, 29, 'CAJAMARCA', '73124', 1),
(1032, 29, 'CARMEN DE APICALA', '73148', 1),
(1033, 29, 'CASABIANCA', '73152', 1),
(1034, 29, 'CHAPARRAL', '73168', 1),
(1035, 29, 'COELLO', '73200', 1),
(1036, 29, 'COYAIMA', '73217', 1),
(1037, 29, 'CUNDAY', '73226', 1),
(1038, 29, 'DOLORES', '73236', 1),
(1039, 29, 'ESPINAL', '73268', 1),
(1040, 29, 'FALAN', '73270', 1),
(1041, 29, 'FLANDES', '73275', 1),
(1042, 29, 'FRESNO', '73283', 1),
(1043, 29, 'GUAMO', '73319', 1),
(1044, 29, 'HERVEO', '73347', 1),
(1045, 29, 'HONDA', '73349', 1),
(1046, 29, 'ICONONZO', '73352', 1),
(1047, 29, 'LRIDA', '73408', 1),
(1048, 29, 'LIBANO', '73411', 1),
(1049, 29, 'SAN SEBASTIµN DE MARIQUITA', '73443', 1),
(1050, 29, 'MELGAR', '73449', 1),
(1051, 29, 'MURILLO', '73461', 1),
(1052, 29, 'NATAGAIMA', '73483', 1),
(1053, 29, 'ORTEGA', '73504', 1),
(1054, 29, 'PALOCABILDO', '73520', 1),
(1055, 29, 'PIEDRAS', '73547', 1),
(1056, 29, 'PLANADAS', '73555', 1),
(1057, 29, 'PRADO', '73563', 1),
(1058, 29, 'PURIFICACIàN', '73585', 1),
(1059, 29, 'RIOBLANCO', '73616', 1),
(1060, 29, 'RONCESVALLES', '73622', 1),
(1061, 29, 'ROVIRA', '73624', 1),
(1062, 29, 'SALDA¥A', '73671', 1),
(1063, 29, 'SAN ANTONIO', '73675', 1),
(1064, 29, 'SAN LUIS', '73678', 1),
(1065, 29, 'SANTA ISABEL', '73686', 1),
(1066, 29, 'SUAREZ', '73770', 1),
(1067, 29, 'VALLE DE SAN JUAN', '73854', 1),
(1068, 29, 'VENADILLO', '73861', 1),
(1069, 29, 'VILLAHERMOSA', '73870', 1),
(1070, 29, 'VILLARRICA', '73873', 1),
(1071, 30, 'CALI', '76001', 1),
(1072, 30, 'ALCALA', '76020', 1),
(1073, 30, 'ANDALUCIA', '76036', 1),
(1074, 30, 'ANSERMANUEVO', '76041', 1),
(1075, 30, 'ARGELIA', '76054', 1),
(1076, 30, 'BOLIVAR', '76100', 1),
(1077, 30, 'BUENAVENTURA', '76109', 1),
(1078, 30, 'GUADALAJARA DE BUGA', '76111', 1),
(1079, 30, 'BUGALAGRANDE', '76113', 1),
(1080, 30, 'CAICEDONIA', '76122', 1),
(1081, 30, 'CALIMA', '76126', 1),
(1082, 30, 'CANDELARIA', '76130', 1),
(1083, 30, 'CARTAGO', '76147', 1),
(1084, 30, 'DAGUA', '76233', 1),
(1085, 30, 'EL AGUILA', '76243', 1),
(1086, 30, 'EL CAIRO', '76246', 1),
(1087, 30, 'EL CERRITO', '76248', 1),
(1088, 30, 'EL DOVIO', '76250', 1),
(1089, 30, 'FLORIDA', '76275', 1),
(1090, 30, 'GINEBRA', '76306', 1),
(1091, 30, 'GUACARÖ', '76318', 1),
(1092, 30, 'JAMUNDI', '76364', 1),
(1093, 30, 'LA CUMBRE', '76377', 1),
(1094, 30, 'LA UNION', '76400', 1),
(1095, 30, 'LA VICTORIA', '76403', 1),
(1096, 30, 'OBANDO', '76497', 1),
(1097, 30, 'PALMIRA', '76520', 1),
(1098, 30, 'PRADERA', '76563', 1),
(1099, 30, 'RESTREPO', '76606', 1),
(1100, 30, 'RIOFRÖO', '76616', 1),
(1101, 30, 'ROLDANILLO', '76622', 1),
(1102, 30, 'SAN PEDRO', '76670', 1),
(1103, 30, 'SEVILLA', '76736', 1),
(1104, 30, 'TORO', '76823', 1),
(1105, 30, 'TRUJILLO', '76828', 1),
(1106, 30, 'TULUA', '76834', 1),
(1107, 30, 'ULLOA', '76845', 1),
(1108, 30, 'VERSALLES', '76863', 1),
(1109, 30, 'VIJES', '76869', 1),
(1110, 30, 'YOTOCO', '76890', 1),
(1111, 30, 'YUMBO', '76892', 1),
(1112, 30, 'ZARZAL', '76895', 1),
(1113, 31, 'MITU', '97001', 1),
(1114, 31, 'CARURU', '97161', 1),
(1115, 31, 'PACOA', '97511', 1),
(1116, 31, 'TARAIRA', '97666', 1),
(1117, 31, 'PAPUNAUA', '97777', 1),
(1118, 31, 'YAVARAT', '97889', 1),
(1119, 32, 'PUERTO CARREÑO', '99001', 1),
(1120, 32, 'LA PRIMAVERA', '99524', 1),
(1121, 32, 'SANTA ROSALIA', '99624', 1),
(1122, 32, 'CUMARIBO', '99773', 1),
(1123, 1, 'asd', '41350', 0);

-- --------------------------------------------------------

--
-- Estructura de tabla para la tabla `organismo_transito`
--

CREATE TABLE `organismo_transito` (
  `id` int(11) NOT NULL,
  `nombre` varchar(255) COLLATE utf8_unicode_ci NOT NULL,
  `estado` tinyint(1) NOT NULL
) ENGINE=InnoDB DEFAULT CHARSET=utf8 COLLATE=utf8_unicode_ci;

--
-- Volcado de datos para la tabla `organismo_transito`
--

INSERT INTO `organismo_transito` (`id`, `nombre`, `estado`) VALUES
(1, 'SECRETARIA DE TRANSPORTES Y TRANSITO DE MEDELLIN', 1),
(2, 'INSPECCION DE TRANSITO Y TRANSPORTE DE ANDES', 1),
(3, 'SECRETARIA DE TTE. Y TTO MUNICIPAL DE SANTA FE DE ANTIOQUIA', 1),
(4, 'SECRETARIA MPAL. DE TRANSPORTE Y TRANSITO DE APARTADO', 1),
(5, 'DIRECCION DE TRANSORTE  Y TTO. MPAL. DE BARBOSA', 1),
(6, 'SECRETARIA DE TRANSPORTES Y TRANSITO DE BELLO', 1),
(7, 'INSPECCION MUNICIPAL DE TRANSITO DE CIUDAD BOLIVAR', 1),
(8, 'INSPECCION DE TRANSITO MUNICIPAL DE CALDAS', 1),
(9, 'DIRECCION DE TRANSITO Y TRANSPORTE  DE CAREPA', 1),
(10, 'INSPECCION DE TRANSITO DE CAUCASIA', 1),
(11, 'SECRETARIA DE TRANSPORTES Y TRANSITO DE COPACABANA', 1),
(12, 'SECRETARIA DE TRANSPORTE Y TRANSITO DE ENVIGADO', 1),
(13, 'SRIA DE TRANSPORTE Y TTO DEL MUNICIPIO DE FRONTINO', 1),
(14, 'SECRETARIA DE TRANSPORTE Y TRANSITO DE GIRARDOTA', 1),
(15, 'SECRETARIA DE TRANSPORTE Y TRANSITO DE ITAGUI', 1),
(16, 'INSPECCION DE TRANSITO MUNICIPAL DE LA CEJA', 1),
(17, 'DIRECCION DPTAL. DE TRANSITO Y TTE DE ANTIOQUIA', 1),
(18, 'DIRECCION DPTAL DE TRANSITO Y TRANSPORTE DE ANTIOQUIA -SEDE LA ESTRELLA', 1),
(19, 'SECRETARIA DE TRANSITO Y TTE MCPAL DE LA UNION', 1),
(20, 'INSPECCION DE TRANSPORTE Y TTO MPAL DE MARINILLA', 1),
(21, 'INSPECCION DE TRANSITO DE PUERTO BERRIO', 1),
(22, 'SRIA DE TRANSITO Y TRANSPORTE DE RIONEGRO', 1),
(23, 'SRIA DE TRANSITO Y TRANSPORTE MPAL DE SABANETA', 1),
(24, 'SECRETARIA DE TRANSITO MPALDE SANTA ROSA DE OSOS', 1),
(25, 'INSPECCION DE TRANSITO Y TTE MPAL. DE SONSON', 1),
(26, 'INSPECCION MUNICIPAL DE TRANSITO DE TURBO', 1),
(27, 'SECRETARIA DE TRANSITO Y TTE MPAL DE URRAO', 1),
(28, 'SECRETARIA DE TRANSPORTES Y TRANSITO DEL MPIO. DE YARUMAL', 1),
(29, 'DIRECCION DE TRANSPORTES Y TRANSITO DPTAL. DEL CHOCO', 1),
(30, 'INSPECCION DE TRANSPORTES Y TRANSITO DE QUIBDO', 1),
(31, 'DIRECCION DE TRANSPORTES Y TRANSITO DPTAL DE  ISTMINA', 1),
(33, 'INSTITUTO DPTAL. DE TTE Y TTO  DEL ATLANTICO', 1),
(34, 'EMPRESA DE TRANSITO Y TRANSPORTE METROPOLITANO DE BARRANQUILLA S.A "METROTRANSITO"', 1),
(35, 'INSTITUTO DPTAL. DE TTE. Y TTO.  DE GALAPA', 1),
(36, 'INSTIT. DEPTAL. DE TTE. Y TTO. DEL ATLANTICO', 1),
(37, 'INSTITUTO MUNICIPAL DE TRANSITO Y TRANSPORTE DE SOLEDAD ', 1),
(39, 'FONDO DE TRANSPORTE Y TRANSITO DPTAL. BOLIVAR', 1),
(40, 'DPTO ADTVO. TRANSITO Y TRANSPORTE DISTRITAL DE CARTAGENA', 1),
(41, 'FONDO DE TRANSPORTE Y TRANSITO DPTAL. BOLIVAR', 1),
(42, 'FONDO DE TRANSPORTE Y TRANSITO DPTAL.  BOLIVAR', 1),
(43, 'INSPEC. MPAL. DE TTE Y TRANSITO DE CARMEN DE BOLIVAR', 1),
(44, 'FONDO MPAL. DE TTO. Y TTE. TERRESTRE DE MAGANGUE', 1),
(45, 'INSPECCION DE TRANSITO DE MOMPOX', 1),
(46, 'FONDO DE TTE. Y TTO DPTAL. DE BOLIVAR SAN JUAN NEPOMUCENO', 1),
(47, 'FONDO DE TRANSPORTE Y TRANSITO DPTAL. BOLIVAR', 1),
(48, 'SECRETARIA DE TRANSITO Y TRANSPORTE MUNICIPAL DE TURBACO', 1),
(49, 'DIRECCION DPTAL DE TTO Y TTE DE SAN ANDRES ISLAS', 1),
(51, 'INSTITUTO DE TRANSITO DE BOYACA"ITBOY"', 1),
(52, 'SECRETARIA DE TRANSITO Y TRANSPORTE DE TUNJA ', 1),
(53, 'SECRETARIA MCPAL DE TRANSITO Y TRANSPORTE DE CHIQUINQUIRµ', 1),
(54, 'ITBOY - ''DISTRITO DE TRANSITO No.1 COMBITA', 1),
(55, 'SECRETARIA MUNICIPAL DE TRANSITO Y TRANSPORTE DE DUITAMA', 1),
(56, 'ITBOY - DISTRITO DE TRANSITO No.6 - GUATEQUE', 1),
(57, 'ITBOY - DISTRITO DE TRANSITO No.10 - VILLA DE  LEYVA', 1),
(58, 'ITBOY -DISTRITO DE TRANSITO No.9-MIRAFLORES', 1),
(59, 'ITBOY - ''DISTRITO DE TRANSITO No.5  MONIQUIRA', 1),
(60, 'ITBOY - ''DISTRITO DE TRANSITO No. 2.  NOBSA', 1),
(61, 'SECRETARÖA DE TRANSITO Y TRANSPORTE MUNICIPAL DE PAIPA', 1),
(62, 'INSPECCION DE TRANSITO Y TRANSPORTE MCPAL DE PUERTO BOYACA', 1),
(63, 'ITBOY - DISTRITO DE TRANSITO No.11 - RAMIRIQUI', 1),
(64, 'ITBOY - DISTRITO DE TRANSITO No. 4  SABOYA', 1),
(65, 'ITBOY - DISTRITO DE TRANSITO   SANTA ROSA DE VITERBO', 1),
(66, 'ITBOY - ''DISTRITO DE TRANSTO No. 7 SOATA', 1),
(67, 'INSTITUTO DE TRANSITO Y TRANSPORTE MUNICIPAL  DE SOGAMOSO', 1),
(68, 'DIRECCION DPTAL. DE TRANSITO Y TRANSPORTE DE CASANARE', 1),
(69, 'SECRETARIA DE TRANSITO Y TRANSPORTE MUNICIPAL DE YOPAL', 1),
(71, 'SECRETARIA DE TRANSPORTES Y TTO MCPAL DE MANIZALES', 1),
(72, 'INSPECCION DE TRANSITO Y TRANSPORTE DE AGUADAS ', 1),
(73, 'SECRETARIA DE TRANSPORTE Y TRANSITO DE ANSERMA', 1),
(74, 'UNIDAD DE TRANSITO DE CALDAS', 1),
(75, 'SECRETARIA MCPAL. DE TRANSITO Y TTE DE CHINCHINA', 1),
(76, 'INSPECCION DE TRANSITO Y TRANSPORTE DE LA DORADA', 1),
(77, 'DIRECCION MIPAL. DE TRANSITO Y TRANSPORTE DE MANZANARES', 1),
(78, 'INSPECCION DE TRANSITO Y TRANSPORTE DE RIOSUCIO', 1),
(79, 'SECRETARIA DE TRANSITO Y TRANSPORTE DE SALAMINA', 1),
(80, 'UNIDAD DE TRANSITO DE  CALDAS', 1),
(82, 'INSPECCION MCPAL. DE TRANSITO Y TTE DE POPAYAN', 1),
(83, 'SECRETARIA DE TRANSITO Y TRANSPORTE MUNICIPAL DE BOLIVAR', 1),
(84, 'SECRETARIA DE TRANSITO Y TTE MPAL DE MIRANDA', 1),
(85, 'SECRETARIA DE TRANSITO MUNICIPAL DE PATIA', 1),
(86, 'SECRETARIA DE TRANSITO MPAL DE PUERTO TEJADA ', 1),
(87, 'SRIA. DE TTO. Y TTE. MCPAL DE SANTANDER DE QUILICHAO', 1),
(88, 'SECRETARIA DE TRASNITO Y TRANSPORTE MUNCIPAL DE TIMBIO', 1),
(90, 'INSTITUTO MPAL DE TRANSITO Y TRANSPORTE DE VALLEDUPAR', 1),
(91, 'INSTITUTO MUNICIPAL DE TRANSITO Y TRANSPORTE DE AGUACHICA', 1),
(92, 'SECRETARIA DE TTES Y TTO MCPAL AGUSTIN CODAZZI ', 1),
(93, 'SECRETARIA MUNICIPAL DE TRANSITO Y TRANSPORTE DE BOSCONIA ', 1),
(94, 'SECRETARÖA DE TRANSITO Y TRANSPORTE MUNICIPAL DE LA PAZ ', 1),
(96, 'SECRETARIA DE TRANSITO Y TRANSPORTE DPTAL DE CORDOBA', 1),
(97, 'SECRETARIA MUNICIPAL DE TRANSPORTE Y TRANSITO DE MONTERIA', 1),
(98, 'INSTITUTO MUNICIPAL DE TRANSPORTE Y TRANSITO DE CERETE', 1),
(99, 'SRIA.  DPTAL TT O  Y TE DE CORDOBA SEDE CHINU ', 1),
(100, 'INSPECCION DE TRANSITO Y TRANSPORTE DE LORICA', 1),
(101, 'SRIA. DPTAL. DE TTO. Y TTE. DE CORDOBA  PLANETA RICA', 1),
(102, 'INSPECCION DE TRANSITO Y TTE MPAL DE SAHAGUN', 1),
(103, 'SRIA MUNICIPAL DE TRANSPORTES Y TTO DE SINCELEJO', 1),
(104, 'INSPECCION DE TRANSITO Y TRANSPORTE DE COROZAL', 1),
(105, 'DIRECCION DPTAL. DE TRANSITO Y TTE DE SUCRE', 1),
(107, 'SECRETARIA DE TRANSITO Y TRANSPORTE DE BOGOTA', 1),
(108, 'SECRETARIA DE TRANSITO Y TRANSPORTE DE C/MARCA', 1),
(109, 'INSPECCION DE TRANSITO Y TRANSPORTE DE CAQUEZA', 1),
(110, 'SECRETARIA DE TRANSITO Y TRANSPORTE MUNICIPAL DE CHIA', 1),
(111, 'SECRETARIA DE TRANSITO Y TRANSPORTE DE C/MARCA', 1),
(112, 'SECRETARIA DE TRANSITO Y TRANSPORTE DE C/MARCA', 1),
(113, 'SECRETARIA DE TRANSITO Y TRANSPORTE DE C/MARCA', 1),
(114, 'SECRETARIO DE TRANSITO MUNICIPAL DE FACATATIVA', 1),
(115, 'SECRETARIA DE TRANSITO Y TRANSPORTE DE FUSAGASUGA', 1),
(116, 'SECRETARIA DE TRANSITO Y TRANSPORTE MCPAL. DE GIRARDOT', 1),
(117, 'SECRETARIA DE TRANSITO Y TRANSPORTE DE C/MARCA', 1),
(118, 'SECRETARIA DE TRANSITO Y TRANSPORTE DE C/MARCA', 1),
(119, 'SECRETARIA DE TRANSTO Y TRANSPORTE MCPAL DE PACHO', 1),
(120, 'SECRETARIA DE TRANSITO Y TRANSPORTE DE C/MARCA', 1),
(121, 'SECRETARIA DE TRANSITO Y TRANSPORTE DE C/MARCA', 1),
(122, 'SECRETARIA DE TRANSITO Y TRANSPORTE DE C/MARCA', 1),
(123, 'SECRETARIA DE TRANSITO Y TRANSPORTE DE C/MARCA', 1),
(124, 'SECRETARIA DE TRANSITO Y TRANSPORTE DE C/MARCA', 1),
(125, 'INSPECCION MCPAL DE TRANSITO Y REGULACION VIAL DE LETICIA', 1),
(127, 'INSTITUTO DPTAL DE TRANSITO DE LA GUAJIRA - INTRADEGUA', 1),
(128, 'INSPECCION DE TRANSITO Y TRANSPORTE DE MAICAO', 1),
(130, 'SECRETARIA DE INFRAEST. DE TTO Y TTE MUNICIPAL DE NEIVA', 1),
(131, 'INSTITUTO DE TRANSITO Y TRANSPORTE DPTAL DEL HUILA', 1),
(132, 'SECRETARIA MCPAL DE TRANSITO Y TTE DE GARZON', 1),
(133, 'SECRETARIA DE TRANSITO Y TRANSPORTE DE LA PLATA ', 1),
(134, 'INSTITUTO DE TRANSITO Y TRANSPORTE DPTAL DEL HUILA', 1),
(135, 'DIRECCION ADMINISTRATIVA DE PITALITO', 1),
(136, 'INSTITUTO DE TRANSITO Y TRANSPORTE DPTAL DEL HUILA', 1),
(137, 'INSTITUTO DE TRANSITO Y TRANSPORTE DPTAL DEL HUILA', 1),
(138, 'INSTITUTO DPTAL DE TTO Y TRASPORTE DEL CAQUETA', 1),
(139, 'SECRETARIA DE TRANSITO Y TRANSPORTE MCPAL DE FLORENCIA ', 1),
(140, 'INSTITUTO DPTAL DE TRANSITO Y TRANSPORTE DEL CAQUETA', 1),
(141, 'INSTITUTO DPTAL DE TRANSITO Y TRANSPORTE DEL CAQUETA', 1),
(142, 'INSTITUTO DPTAL DE TRANSITO Y TRANSPORTE DEL CAQUETA', 1),
(144, 'SECRETARIA DE GOBIERNO DISTRITAL DE SANTA MARTA', 1),
(145, 'INSTITUTO DPTAL.  DE TTE Y TTO DEL MAGDALENA', 1),
(146, 'INSTITUTO DPTAL.  DE TRANSPORTE Y TRANSITO DEL MAGDALENA', 1),
(147, 'INSTITUTO DE TRANSITO Y TTE MPAL.  DE CIENAGA', 1),
(148, 'INSTITUTO   MCPAL DE TTO Y TTE DE FUNDACION ', 1),
(149, 'SECRETARIA DEL INTERIOR, TTES Y TTO MCPAL. EL BANCO', 1),
(150, 'INSPECCION DE TRANSITO DE PLATO', 1),
(152, 'INSTITUTO DE TRANSITO Y TRANSPORTE DEL META ', 1),
(153, 'INSPECCION MCPAL DE TRANSITO DE VILLAVICENCIO', 1),
(154, 'INSTITUTO DE TRANSITO Y TRANSPORTE DE ACACIAS - META', 1),
(155, 'SECRETARIA MCPAL. DE TRANSITO DE GRANADA', 1),
(156, 'INSTITUTO DPTAL DE TTO Y TTE  DEL META - SEDE OPERATIVA GUAMAL', 1),
(157, 'INSTITUTO DE TRANSIITO Y TRANSPORTE DEL META', 1),
(158, 'SECRETARIA DE OBRAS PUBLICAS Y TTE. DEPARTAMENTAL DE GUAINIA', 1),
(159, 'SECRETARIA DE TRANSITO Y TRANSPORTE MUNICAL DE INIRIDA', 1),
(160, 'INSTITUTO DPTAL DE TRANSITO Y TRANSPORTE DEL  GUAVIARE', 1),
(161, 'FONDO DPTAL. DE TRANSITO DEL VICHADA', 1),
(163, 'INSTITUTO DPTAL DE TRANSITO Y TRANSPORTE DE NARI¥O', 1),
(164, 'DEPARTAMENTO ADMINISTRATIVO DE TRANSITO Y TRANSPORTE MCPAL DE PASTO', 1),
(165, 'INSTITUTO DPTAL DE TRANSITO Y TRANSPORTE DE NARI¥O', 1),
(166, 'INSTITUTO DPTAL DE TRANSITO Y TRANSPORTE DE NARI¥O', 1),
(167, 'INSTITUTO DPTAL DE TRANSITO Y TRANSPORTE DE NARI¥O', 1),
(168, 'INSTITUTO DPTAL DE TRANSITO Y TRNASPORTE DE NARI¥O', 1),
(169, 'SECRETARIA DE TRANSITO Y TRANSPORTE MUNICIPAL DE IPIALES', 1),
(170, 'INSTITUTO DPTAL DE TRANSITO Y TRANSPORTE DE NARI¥O', 1),
(171, 'INSTITUTO DPTAL DE TRANSITO Y TRANSPORTE DE NARI¥O', 1),
(172, 'INSTITUTO DPTAL DE TRANSITO Y TRANSPORTE DE NARI¥O', 1),
(173, 'INSTITUTO DPTAL DE TRANSITO Y TRANSPORTE DE NARI¥O', 1),
(174, 'INSTITUTO DPTAL DE TRANSITO Y TRANSPORTE DE NARI¥O', 1),
(175, 'SRIA. DE TRANSPORTE Y TRANSITO DEL MUNICIPIO DE TUMACO', 1),
(176, 'SECRETARIA DE TRANSITO Y TRANSPORTE MCPAL. DE TUQUERRES', 1),
(177, 'DPTO. ADTVO. DE TRANSITO Y TRANSPORTE DE  PUTUMAYO', 1),
(178, 'SECRETARIA DE TRANSITO Y TRANSPORTE DE MOCOA', 1),
(179, 'SECRETARIA DE TRANSITO Y TRANSPORTE MUNICIPAL DE ORITO', 1),
(180, 'INSPECCION DE TRANSITO DE PUERTO ASIS', 1),
(182, 'DEPARTAMENTO ADMINISTRATIVO DE TRANSITO Y TRANSPORTE MCPAL DE CUCUTA', 1),
(183, 'INSPECCION   DE TRANSITO Y TRANSPORTE DE CONVENCION ', 1),
(184, 'DIRECCION OPERATIVA DE TRANSITO DEPARTAMENTAL DE  NORTE DE SANTANDER', 1),
(185, 'DPTO. ADTIVO DE TRANSITO Y TRANSPORTE MPAL. DE LOS PATIOS ', 1),
(186, 'INSPECCION MCPAL DE TRANSITO Y TTE DE OCA¥A', 1),
(187, 'INSPECCION MCPAL DE TRANSITO Y TRANSPORTE DE PAMPLONA', 1),
(188, 'DPTO ADM. DE  TRANSPORTES Y TRANSITO DE VILLA DEL ROSARIO "DATRANS"', 1),
(189, 'INSTITUTO DE TRANSITO Y TRANSPORTE DE ARAUCA', 1),
(190, 'SECRETARIA DE TRANSITO Y TRANSPORTE MCPAL DE SARAVENA ', 1),
(192, 'SECRETARIA DE TRANSITO Y TRANSPORTE MCPAL DE ARMENIA', 1),
(193, 'INSPECCION DE TRANSITO Y TRANSPORTE DE CALARCA', 1),
(194, 'INSTITUTO DEPARTAMENTAL DE TRANSITO DEL QUINDIO', 1),
(195, 'SRIA. DE TRANSITO Y TRANSPORTE MUNICIPAL DE LA TEBAIDA', 1),
(196, 'INSPECCION DE TRANSITO Y TRANSPORTE DE QUIMBAYA', 1),
(198, 'INSTITUTO MUNICIPAL DE TRANSITO Y TRANSPORTE DE PEREIRA', 1),
(199, 'SECRETARIA MCPAL DE TTO Y TTE.  DE DOSQUEBRADAS', 1),
(200, 'SECRETARIA MUNICIPAL DE TRANSITO Y TRANSPORTE DE LA VIRGINIA', 1),
(201, 'SECRETARIA DE TRANSITO Y GOBIERNO MUNICIPAL DE SANTA ROSA DE CABAL', 1),
(203, 'DIRECCION DE TRANSITO Y TRANSPORTE DE BUCARAMANGA', 1),
(204, 'INSPECCION MUNICIPAL DE TRANSITO Y TRANSPORTE DE BARBOSA', 1),
(205, 'INSPECCION DE TRANSITO Y TRANSPORTE DE BARRANCABERMEJA', 1),
(206, 'INSTITUTO DE TRANSITO Y TRANSPORTE DE CHARALA  ', 1),
(207, 'DIRECCION DE TRANSITO Y TRANSPORTE DE FLORIDABLANCA', 1),
(208, 'SECRETARIA MCPAL DE TRANSITO Y TRANSPORTE DE GIRON', 1),
(209, 'SECRETARIA DE TTO. Y TTE   MCPAL DE MALAGA', 1),
(210, 'INSPECCION DE TRANSITO Y TRANSPORTE DE PIEDECUESTA', 1),
(211, 'INSPECCION MCPAL DE TRANSITO Y TRANSPORTE DE SAN GIL', 1),
(212, 'INSPECCION MPAL DE TTO Y TTE DE SAN VICENTE CHUCURI', 1),
(213, 'INSPECCION MCPAL DE TRANSITO Y TRANSPORTE  DEL SOCORRO', 1),
(214, 'SECRETARIA DE TRANSITO Y TRANSPORTE DE VELEZ', 1),
(216, 'SECRETARIA MPAL DE TTO Y TRANSPORTE DE IBAGUE', 1),
(217, 'DEPARTAMENTO ADMS.  DE TRANSITO Y TTE . DEL TOLIMA', 1),
(218, 'DPTO. ADTVO. DE TRANSITO Y TRANSPORTE DEL TOLIMA', 1),
(219, 'UNIDAD REGIONAL DE TRANSITO Y TRANSPORTE DE GUAYABAL', 1),
(220, 'UNIDAD REGIONAL DE TRANSITO Y TRANSPORTE CHAPARRAL', 1),
(221, 'SECRETARIA MCPAL DE TRANSITO Y TRANSPORTE ESPINAL', 1),
(222, 'SECRETARIA DE TRANSITO Y TTE MPAL DE FRESNO', 1),
(223, 'UNIDAD REGIONAL DE TRANSITO Y TRANSPORTE GUAMO', 1),
(224, 'SECRETARIA MUNICIPAL DE TRANSITO Y TTE DE HONDA ', 1),
(225, 'SECRETARIA DE TRANSITO Y TRANSPORTE MUNCIPAL DE LIBANO', 1),
(226, 'UNIDAD REGIONAL DE TRANSITO Y TRANSPORTE DE MARIQUITA', 1),
(227, 'SECRETARIA DE GOBIERNO TRANSITO  Y TRANSPORTE DE MELGAR', 1),
(228, 'UNIDAD REGIONAL DE TRANSITO Y TRANSPORTE PURIFICACIàN', 1),
(230, 'SECRETARIA MUNICIPAL DE TRANSITO CALI', 1),
(231, 'SECRETARIA DE TRANSITO Y TRANSPORTE ANDALUCIA', 1),
(232, 'SUBSECRETARIA DE REGULACION Y CONTROL DE TTO Y TTE DE BUENAVENTURA', 1),
(233, 'INSPECCION DE TRANSITO Y TRANSPORTE DE GUADALAJARA DE BUGA', 1),
(234, 'SECRETARIA MCPAL DE TRANSITO Y TTE DE CAICEDONIA', 1),
(235, 'SECRETARIA DE TRANSITO Y TRANSPORTE MCPAL DE CANDELARIA', 1),
(236, 'DISTRITO MCPAL DE TRANSITO Y TTE DE CARTAGO', 1),
(237, 'SECRETARIA MCPAL DE TRANSITO Y TTE EL CERRITO', 1),
(238, 'SECRETARIA DE TRANSITO Y TRANSPORTE DE FLORIDA', 1),
(239, 'SECRETARIA DE TRANSITO Y TTE MPAL DE GUACARI', 1),
(240, 'SECRETARIA DE TRANSITO Y TRANSPORTE MCPAL. DE JAMUNDI', 1),
(241, 'SECRETARIA DE TRANSITO MCPAL DE LA UNION', 1),
(242, 'SECRETARIA DE TRANSITO Y TRANSPORTE DE PALMIRA', 1),
(243, 'SECRETARIA DE TRANSITO Y TRANSPORTE MUNICPAL DE PRADERA', 1),
(244, 'INSPECCION DE TRANSITO Y TRANSPORTE DE ROLDANILLO', 1),
(245, 'SECRETARIA DE TRANMSITO Y TRANSPORTE DE SEVILLA', 1),
(246, 'SECRETARIA DE TRANSITO MUNICIPAL DE TULUA', 1),
(247, 'SECRETARIA DE TRANSITO Y TRANSPORTE DE YUMBO', 1),
(248, 'INSPECCION DE TRANSITO Y TRANSPORTE DE ZARZAL', 1),
(249, 'asdafasd', 0);

-- --------------------------------------------------------

--
-- Estructura de tabla para la tabla `pago`
--

CREATE TABLE `pago` (
  `id` int(11) NOT NULL,
  `tramite_id` int(11) DEFAULT NULL,
  `valor` int(11) NOT NULL,
  `fecha_pago` datetime NOT NULL,
  `hora_pago` time NOT NULL,
  `fuente` varchar(255) COLLATE utf8_unicode_ci NOT NULL,
  `estado` tinyint(1) NOT NULL
) ENGINE=InnoDB DEFAULT CHARSET=utf8 COLLATE=utf8_unicode_ci;

-- --------------------------------------------------------

--
-- Estructura de tabla para la tabla `pais`
--

CREATE TABLE `pais` (
  `id` int(11) NOT NULL,
  `nombrePais` varchar(45) COLLATE utf8_unicode_ci NOT NULL
) ENGINE=InnoDB DEFAULT CHARSET=utf8 COLLATE=utf8_unicode_ci;

-- --------------------------------------------------------

--
-- Estructura de tabla para la tabla `peticionario`
--

CREATE TABLE `peticionario` (
  `id` int(11) NOT NULL,
  `nombrePeticionario` varchar(80) COLLATE utf8_unicode_ci NOT NULL,
  `identificacionPeticionario` varchar(15) COLLATE utf8_unicode_ci NOT NULL,
  `direccionPeticionario` varchar(45) COLLATE utf8_unicode_ci NOT NULL,
  `telefonoPeticionario` varchar(15) COLLATE utf8_unicode_ci NOT NULL,
  `correoElectronico` varchar(45) COLLATE utf8_unicode_ci NOT NULL,
  `numeroOficio` varchar(45) COLLATE utf8_unicode_ci NOT NULL,
  `tipoPeticionario` varchar(45) COLLATE utf8_unicode_ci NOT NULL,
  `registro_documento_id` int(11) DEFAULT NULL
) ENGINE=InnoDB DEFAULT CHARSET=utf8 COLLATE=utf8_unicode_ci;

-- --------------------------------------------------------

--
-- Estructura de tabla para la tabla `propietario_vehiculo`
--

CREATE TABLE `propietario_vehiculo` (
  `id` int(11) NOT NULL,
  `ciudadano_id` int(11) DEFAULT NULL,
  `vehiculo_id` int(11) DEFAULT NULL,
  `empresa_id` int(11) DEFAULT NULL,
  `licencia_transito` varchar(255) COLLATE utf8_unicode_ci NOT NULL,
  `fecha_propiedad_inicial` datetime NOT NULL,
  `fecha_propiedad_final` datetime NOT NULL,
  `estado_propiedad` varchar(255) COLLATE utf8_unicode_ci NOT NULL,
  `estado` tinyint(1) NOT NULL
) ENGINE=InnoDB DEFAULT CHARSET=utf8 COLLATE=utf8_unicode_ci;

--
-- Volcado de datos para la tabla `propietario_vehiculo`
--

INSERT INTO `propietario_vehiculo` (`id`, `ciudadano_id`, `vehiculo_id`, `empresa_id`, `licencia_transito`, `fecha_propiedad_inicial`, `fecha_propiedad_final`, `estado_propiedad`, `estado`) VALUES
(1, 1, 1, NULL, '10000000', '2018-04-03 00:00:00', '2018-04-05 00:00:00', '1', 1);

-- --------------------------------------------------------

--
-- Estructura de tabla para la tabla `registro_documento`
--

CREATE TABLE `registro_documento` (
  `id` int(11) NOT NULL,
  `codigoRadicado` varchar(45) COLLATE utf8_unicode_ci NOT NULL,
  `tiempoRadicacion` datetime NOT NULL,
  `asuntoDocumento` longtext COLLATE utf8_unicode_ci NOT NULL,
  `estadoDocumento` varchar(45) COLLATE utf8_unicode_ci NOT NULL,
  `urlDocumentoEscaneado` varchar(145) COLLATE utf8_unicode_ci NOT NULL,
  `tiempoTranscurrido` int(11) NOT NULL,
  `numeroFolios` int(11) NOT NULL,
  `tipo_documento_id` int(11) DEFAULT NULL
) ENGINE=InnoDB DEFAULT CHARSET=utf8 COLLATE=utf8_unicode_ci;

-- --------------------------------------------------------

--
-- Estructura de tabla para la tabla `sede_operativa`
--

CREATE TABLE `sede_operativa` (
  `id` int(11) NOT NULL,
  `nombre` varchar(255) COLLATE utf8_unicode_ci NOT NULL,
  `codigo_divipo` varchar(50) COLLATE utf8_unicode_ci NOT NULL,
  `estado` tinyint(1) NOT NULL
) ENGINE=InnoDB DEFAULT CHARSET=utf8 COLLATE=utf8_unicode_ci;

--
-- Volcado de datos para la tabla `sede_operativa`
--

INSERT INTO `sede_operativa` (`id`, `nombre`, `codigo_divipo`, `estado`) VALUES
(1, 'Sede Operativa Tangua', '52400001000003456', 1),
(2, 'Sede Operativa Pasto', '52400001000004569', 1);

-- --------------------------------------------------------

--
-- Estructura de tabla para la tabla `seguimiento_entrega`
--

CREATE TABLE `seguimiento_entrega` (
  `id` int(11) NOT NULL,
  `fechaCargue` date NOT NULL,
  `numeroRegistros` varchar(255) COLLATE utf8_unicode_ci NOT NULL,
  `numeroOficio` varchar(255) COLLATE utf8_unicode_ci NOT NULL,
  `estado` tinyint(1) NOT NULL
) ENGINE=InnoDB DEFAULT CHARSET=utf8 COLLATE=utf8_unicode_ci;

--
-- Volcado de datos para la tabla `seguimiento_entrega`
--

INSERT INTO `seguimiento_entrega` (`id`, `fechaCargue`, `numeroRegistros`, `numeroOficio`, `estado`) VALUES
(1, '2018-03-14', '345', '23', 1);

-- --------------------------------------------------------

--
-- Estructura de tabla para la tabla `servicio`
--

CREATE TABLE `servicio` (
  `id` int(11) NOT NULL,
  `nombre` varchar(255) COLLATE utf8_unicode_ci NOT NULL,
  `codigo` int(11) NOT NULL,
  `estado` tinyint(1) NOT NULL
) ENGINE=InnoDB DEFAULT CHARSET=utf8 COLLATE=utf8_unicode_ci;

--
-- Volcado de datos para la tabla `servicio`
--

INSERT INTO `servicio` (`id`, `nombre`, `codigo`, `estado`) VALUES
(1, 'OFICIAL', 1, 1),
(2, 'PUBLICO', 2, 1),
(3, 'PARTICULAR', 3, 1),
(4, 'DIPLOMATICO', 5, 1),
(5, 'asd', 7894, 0);

-- --------------------------------------------------------

--
-- Estructura de tabla para la tabla `testigo_comparendo`
--

CREATE TABLE `testigo_comparendo` (
  `id` int(11) NOT NULL,
  `comparendo_id` int(11) DEFAULT NULL,
  `ciudadano_id` int(11) DEFAULT NULL
) ENGINE=InnoDB DEFAULT CHARSET=utf8 COLLATE=utf8_unicode_ci;

-- --------------------------------------------------------

--
-- Estructura de tabla para la tabla `tipo_documento`
--

CREATE TABLE `tipo_documento` (
  `id` int(11) NOT NULL,
  `nombreTipo` varchar(45) COLLATE utf8_unicode_ci NOT NULL,
  `diasDuraccionTramite` int(11) NOT NULL,
  `codigoDocumento` varchar(45) COLLATE utf8_unicode_ci NOT NULL
) ENGINE=InnoDB DEFAULT CHARSET=utf8 COLLATE=utf8_unicode_ci;

-- --------------------------------------------------------

--
-- Estructura de tabla para la tabla `tipo_empresa`
--

CREATE TABLE `tipo_empresa` (
  `id` int(11) NOT NULL,
  `nombre` varchar(255) COLLATE utf8_unicode_ci NOT NULL,
  `estado` varchar(255) COLLATE utf8_unicode_ci NOT NULL
) ENGINE=InnoDB DEFAULT CHARSET=utf8 COLLATE=utf8_unicode_ci;

-- --------------------------------------------------------

--
-- Estructura de tabla para la tabla `tipo_identificacion`
--

CREATE TABLE `tipo_identificacion` (
  `id` int(11) NOT NULL,
  `nombre` varchar(255) COLLATE utf8_unicode_ci NOT NULL,
  `estado` tinyint(1) NOT NULL
) ENGINE=InnoDB DEFAULT CHARSET=utf8 COLLATE=utf8_unicode_ci;

--
-- Volcado de datos para la tabla `tipo_identificacion`
--

INSERT INTO `tipo_identificacion` (`id`, `nombre`, `estado`) VALUES
(1, 'CEDULA DE CIUDADANIA', 1),
(2, 'CEDULA DE EXTRANJERIA', 1),
(3, 'PASAPORTE', 1),
(4, 'NIT', 1),
(5, 'CARNET DIPLOMATICO', 1),
(6, 'REGISTRO CIVIL', 1),
(7, 'TRAJETA DE IDENTIDAD', 1),
(8, 'tipo', 0);

-- --------------------------------------------------------

--
-- Estructura de tabla para la tabla `tramite`
--

CREATE TABLE `tramite` (
  `id` int(11) NOT NULL,
  `modulo_id` int(11) DEFAULT NULL,
  `nombre` varchar(255) COLLATE utf8_unicode_ci NOT NULL,
  `valor` int(11) NOT NULL,
  `redondeo` varchar(255) COLLATE utf8_unicode_ci NOT NULL,
  `unidad` varchar(255) COLLATE utf8_unicode_ci NOT NULL,
  `afectacion` tinyint(1) NOT NULL,
  `estado` tinyint(1) NOT NULL
) ENGINE=InnoDB DEFAULT CHARSET=utf8 COLLATE=utf8_unicode_ci;

--
-- Volcado de datos para la tabla `tramite`
--

INSERT INTO `tramite` (`id`, `modulo_id`, `nombre`, `valor`, `redondeo`, `unidad`, `afectacion`, `estado`) VALUES
(1, 1, 'MATRICULA INICIAL', 63300, 'encima', '12', 0, 1),
(2, 1, 'TRASPASO', 62300, 'encima', '10', 0, 1),
(3, 1, 'TRASLADO DE CUENTA - NO GENERA E.V.', 63300, 'encima', '10', 0, 1),
(4, 1, 'RADICADO DE CUENTA', 63300, 'encima', '10', 0, 1),
(5, 1, 'CAMBIO DE COLOR', 62300, 'encima', '10', 0, 1),
(6, 1, 'CAMBIO DE SERVICIO', 93300, 'encima', '10', 0, 1),
(7, 1, 'REGRABAR MOTOR', 61800, 'encima', '10', 0, 1),
(8, 1, 'REGRABAR CHASIS', 61800, 'encima', '10', 0, 1),
(9, 1, 'REGRABAR SERIE', 61800, 'encima', '10', 0, 1),
(10, NULL, 'TRANSFORMACION', 63800, 'encima', '10', 0, 1),
(11, NULL, 'REAFORO', 44100, 'encima', '10', 0, 1),
(12, 1, 'DUPLICADO LICENCIA', 44100, 'encima', '10', 0, 1),
(13, NULL, 'INSCRIPCION DE ALERTA', 63300, 'encima', '10', 0, 1),
(14, NULL, 'LEVANTAMIENTO DE ALERTA', 63300, 'encima', '10', 0, 1),
(15, 1, 'CANCELACION MATRICULA - NO GENERA E.V.', 62300, 'debajo', '10', 0, 1),
(16, 1, 'CAMBIO DE PLACAS', 63300, 'debajo', '10', 0, 1),
(17, NULL, 'REVISION - NO GENERA E.V.', 63300, 'debajo', '10', 0, 1),
(18, NULL, 'EXPEDICION', 62300, 'debajo', '10', 0, 1),
(19, NULL, 'REFREDACION', 93300, 'debajo', '10', 0, 1),
(20, NULL, 'RECATEGORIZACION', 61800, 'debajo', '10', 0, 1),
(21, NULL, 'DUPLICADO PLACAS', 61800, 'debajo', '10', 0, 1),
(22, NULL, 'CAMBIO LICENCIA POR CAMBIO DE DOCUMENTO', 61800, 'debajo', '10', 0, 1),
(23, NULL, 'CAMBIO SERV. PUBLICO', 63800, 'debajo', '10', 0, 1),
(24, 1, 'CAMBIO MOTOR', 44100, 'debajo', '10', 0, 1),
(25, NULL, 'REPOTENCIACION', 44100, 'debajo', '10', 0, 1),
(26, 1, 'AUTORIZACION A BLINDADO', 63300, 'debajo', '10', 0, 1),
(27, NULL, 'CAMBIO NIVEL DE SERVICIO', 63300, 'debajo', '10', 0, 1),
(28, NULL, 'DENUNCIO ROBO VEHICULOS', 62300, 'debajo', '10', 0, 1),
(29, 2, 'VEHICULO RECUPERADO', 63300, 'debajo', '10', 0, 1),
(30, 1, 'CAMBIO MODALIDAD SERVICIO', 63300, 'debajo', '10', 0, 1),
(31, 1, 'CAMBIO TIPO COMBUSTIBLE', 62300, 'encima', '10', 0, 1),
(32, 1, 'CAMBIO CARROCERIA', 93300, 'encima', '10', 0, 1),
(33, 2, 'MEDIDA CAUTELAR', 61800, 'encima', '10', 0, 1),
(34, NULL, 'ENTREGA PROVISIONAL', 61800, 'encima', '10', 0, 1),
(35, NULL, 'EXTINSION DE DOMINIO', 61800, 'encima', '10', 0, 1),
(36, 1, 'REMATRICULA', 63800, 'encima', '10', 0, 1),
(37, NULL, 'CORRECION DE CHASIS', 44100, 'debajo', '10', 0, 1),
(38, NULL, 'CORRECION DE MOTOR', 44100, 'debajo', '10', 0, 1),
(39, NULL, 'REPOSICION PLACA', 63300, 'debajo', '10', 0, 1),
(40, NULL, 'ANULADA', 63300, 'debajo', '10', 0, 1),
(41, NULL, 'SUCESIONES', 62300, 'debajo', '10', 0, 1),
(42, NULL, 'LEVANTAMIENTO DE EMBARGO', 63300, 'debajo', '10', 0, 1),
(43, NULL, 'EMBARGO', 63300, 'debajo', '10', 0, 1),
(44, NULL, 'EXTRAVIO', 62300, 'debajo', '10', 0, 1),
(45, 1, 'LEVANTAMIENTO DE PRENDA', 93300, 'encima', '10', 0, 1),
(46, 1, 'PRENDA', 61800, 'encima', '10', 0, 1),
(47, 1, 'CAMBIO CAPACIDAD', 61800, 'encima', '10', 0, 1),
(48, NULL, 'MATRICULAR INICIAL DONACION', 61800, 'encima', '10', 0, 1),
(49, NULL, 'MATRICULA INICIAL REMATADO', 63800, 'encima', '10', 0, 1),
(50, NULL, 'MATRICULA INICIAL MODELO ANTERIOR', 44100, 'encima', '10', 0, 1),
(51, NULL, 'CLASIFICACION ANTIGUO', 44100, 'debajo', '10', 0, 1),
(52, NULL, 'CLASIFICACION CLASICO', 63300, 'debajo', '10', 0, 1),
(53, NULL, 'CANCELACION O DEVOLUCION TRASLADO', 63300, 'debajo', '10', 0, 1),
(54, 1, 'CAMBIO PRENDARIO', 15000, 'encima', '10', 10, 1),
(55, 2, 'asd', 221, 'asd', 'asd', 0, 0);

-- --------------------------------------------------------

--
-- Estructura de tabla para la tabla `tramite_especifico`
--

CREATE TABLE `tramite_especifico` (
  `id` int(11) NOT NULL,
  `tramite_id` int(11) DEFAULT NULL,
  `tramite_general_id` int(11) DEFAULT NULL,
  `variante_id` int(11) DEFAULT NULL,
  `caso_id` int(11) DEFAULT NULL,
  `valor` int(11) DEFAULT NULL,
  `datos` longtext COLLATE utf8_unicode_ci NOT NULL COMMENT '(DC2Type:array)',
  `estado` tinyint(1) NOT NULL
) ENGINE=InnoDB DEFAULT CHARSET=utf8 COLLATE=utf8_unicode_ci;

-- --------------------------------------------------------

--
-- Estructura de tabla para la tabla `tramite_factura`
--

CREATE TABLE `tramite_factura` (
  `id` int(11) NOT NULL,
  `tramite_sistema_id` int(11) DEFAULT NULL,
  `factura_id` int(11) DEFAULT NULL
) ENGINE=InnoDB DEFAULT CHARSET=utf8 COLLATE=utf8_unicode_ci;

-- --------------------------------------------------------

--
-- Estructura de tabla para la tabla `tramite_general`
--

CREATE TABLE `tramite_general` (
  `id` int(11) NOT NULL,
  `vehiculo_id` int(11) DEFAULT NULL,
  `ciudadano_id` int(11) DEFAULT NULL,
  `empresa_id` int(11) DEFAULT NULL,
  `numero_qpl` int(11) NOT NULL,
  `fecha_inicial` date NOT NULL,
  `fecha_final` date NOT NULL,
  `estado` tinyint(1) NOT NULL,
  `estado_tramite` int(11) NOT NULL,
  `valor` int(11) NOT NULL,
  `numero_licencia` bigint(20) NOT NULL,
  `numero_sustrato` int(11) NOT NULL,
  `apoderado` tinyint(1) NOT NULL
) ENGINE=InnoDB DEFAULT CHARSET=utf8 COLLATE=utf8_unicode_ci;

-- --------------------------------------------------------

--
-- Estructura de tabla para la tabla `tramite_sistema`
--

CREATE TABLE `tramite_sistema` (
  `id` int(11) NOT NULL,
  `codigoTramiteSistema` varchar(45) COLLATE utf8_unicode_ci NOT NULL,
  `descripcionTramiteSistema` varchar(45) COLLATE utf8_unicode_ci NOT NULL,
  `rutaComponente` varchar(45) COLLATE utf8_unicode_ci NOT NULL,
  `modulo_sistema_id` int(11) DEFAULT NULL
) ENGINE=InnoDB DEFAULT CHARSET=utf8 COLLATE=utf8_unicode_ci;

-- --------------------------------------------------------

--
-- Estructura de tabla para la tabla `usuario`
--

CREATE TABLE `usuario` (
  `id` int(11) NOT NULL,
  `nombres` varchar(255) COLLATE utf8_unicode_ci NOT NULL,
  `apellidos` varchar(255) COLLATE utf8_unicode_ci NOT NULL,
  `identificacion` int(11) NOT NULL,
  `correo` varchar(50) COLLATE utf8_unicode_ci NOT NULL,
  `foto` varchar(50) COLLATE utf8_unicode_ci DEFAULT NULL,
  `telefono` varchar(50) COLLATE utf8_unicode_ci NOT NULL,
  `fecha_nacimiento` date DEFAULT NULL,
  `estado` varchar(20) COLLATE utf8_unicode_ci NOT NULL,
  `role` varchar(50) COLLATE utf8_unicode_ci NOT NULL,
  `password` varchar(255) COLLATE utf8_unicode_ci NOT NULL,
  `created_at` datetime NOT NULL,
  `updated_at` datetime NOT NULL
) ENGINE=InnoDB DEFAULT CHARSET=utf8 COLLATE=utf8_unicode_ci;

--
-- Volcado de datos para la tabla `usuario`
--

INSERT INTO `usuario` (`id`, `nombres`, `apellidos`, `identificacion`, `correo`, `foto`, `telefono`, `fecha_nacimiento`, `estado`, `role`, `password`, `created_at`, `updated_at`) VALUES
(1, 'Edgar David 1', 'Perez Luna', 1085287129, 'david.perez.udenar@gmail.com', '', '3178954373', '1994-09-01', 'Activo', 'ROLE_USER', '6798f17d54fce33d3cbe2dcc60db7313a0add56d5945172a2ce48314b604b355', '2018-03-09 10:57:01', '2018-03-09 10:57:01'),
(2, 'edgar', 'david', 2222, 'david@david.com', '', '123', '2016-11-17', 'Activo', 'ROLE_ADMIN', '8d969eef6ecad3c29a3a629280e686cf0c3f5d5a86aff3ca12020c923adc6c92', '2016-11-15 14:28:37', '2016-11-15 14:28:37');

-- --------------------------------------------------------

--
-- Estructura de tabla para la tabla `variante`
--

CREATE TABLE `variante` (
  `id` int(11) NOT NULL,
  `tramite_id` int(11) DEFAULT NULL,
  `nombre` varchar(255) COLLATE utf8_unicode_ci NOT NULL,
  `estado` tinyint(1) NOT NULL
) ENGINE=InnoDB DEFAULT CHARSET=utf8 COLLATE=utf8_unicode_ci;

-- --------------------------------------------------------

--
-- Estructura de tabla para la tabla `vehiculo`
--

CREATE TABLE `vehiculo` (
  `id` int(11) NOT NULL,
  `municipio_id` int(11) DEFAULT NULL,
  `linea_id` int(11) DEFAULT NULL,
  `servicio_id` int(11) DEFAULT NULL,
  `color_id` int(11) DEFAULT NULL,
  `combustible_id` int(11) DEFAULT NULL,
  `carroceria_id` int(11) DEFAULT NULL,
  `organismo_transito_id` int(11) DEFAULT NULL,
  `clase_id` int(11) DEFAULT NULL,
  `placa` varchar(255) COLLATE utf8_unicode_ci NOT NULL,
  `numero_factura` int(11) NOT NULL,
  `fecha_factura` datetime NOT NULL,
  `valor` varchar(255) COLLATE utf8_unicode_ci NOT NULL,
  `numero_manifiesto` varchar(255) COLLATE utf8_unicode_ci NOT NULL,
  `fecha_manifiesto` datetime NOT NULL,
  `cilindraje` varchar(255) COLLATE utf8_unicode_ci NOT NULL,
  `modelo` date NOT NULL,
  `motor` bigint(20) NOT NULL,
  `chasis` bigint(20) NOT NULL,
  `serie` varchar(255) COLLATE utf8_unicode_ci NOT NULL,
  `vin` bigint(20) NOT NULL,
  `numero_pasajeros` int(11) NOT NULL,
  `estado` tinyint(1) NOT NULL,
  `pignorado` tinyint(1) NOT NULL,
  `cancelado` tinyint(1) NOT NULL,
  `tipo_vehiculo` varchar(255) COLLATE utf8_unicode_ci NOT NULL,
  `radio_accion` varchar(255) COLLATE utf8_unicode_ci NOT NULL,
  `modalidad_transporte` varchar(255) COLLATE utf8_unicode_ci NOT NULL,
  `transporte_pasajeros` varchar(255) COLLATE utf8_unicode_ci NOT NULL
) ENGINE=InnoDB DEFAULT CHARSET=utf8 COLLATE=utf8_unicode_ci;

--
-- Volcado de datos para la tabla `vehiculo`
--

INSERT INTO `vehiculo` (`id`, `municipio_id`, `linea_id`, `servicio_id`, `color_id`, `combustible_id`, `carroceria_id`, `organismo_transito_id`, `clase_id`, `placa`, `numero_factura`, `fecha_factura`, `valor`, `numero_manifiesto`, `fecha_manifiesto`, `cilindraje`, `modelo`, `motor`, `chasis`, `serie`, `vin`, `numero_pasajeros`, `estado`, `pignorado`, `cancelado`, `tipo_vehiculo`, `radio_accion`, `modalidad_transporte`, `transporte_pasajeros`) VALUES
(1, 766, 37, 4, 884, 2, 81, 231, 6, 'ivx70d', 654321231, '0021-03-21 00:00:00', '321354', '5432132', '2017-04-06 00:00:00', '2000', '2018-03-07', 123134, 5132454, '54654', 654654, 4, 1, 0, 0, 'vehiculo', 'radioAccion', 'modalidadTransoporte', 'pasajeros'),
(2, 766, 30, 2, 15, 1, 84, 15, 8, 'ivx70c', 1324534, '2005-03-03 00:00:00', '1321131', '1213', '2111-03-04 00:00:00', '3000', '2018-01-31', 121324, 3213211, '1321321', 21321321, 4, 1, 0, 0, 'vehiculo', 'radioAccion', 'modalidadTransoporte', 'pasajeros'),
(3, 766, 45, 4, 13, 2, 81, 18, 6, 'ivx70i', 321321, '2545-01-01 00:00:00', '321321', '21321', '1994-12-12 00:00:00', '5000', '2018-02-14', 321321, 2121, '21321', 21213, 32131, 1, 0, 0, 'vehiculo', 'radioAccion', 'modalidadTransoporte', 'pasajeros'),
(4, 766, 125, 1, 501, 1, 1, 1, 1, 'abc123', 1, '2018-02-15 00:00:00', '0', '0', '2018-02-15 00:00:00', '25000', '2018-02-15', 0, 0, '000000', 0, 5, 1, 0, 0, 'vehiculo', 'radioAccion', 'modalidadTransoporte', 'pasajeros'),
(5, 1, 4, 3, 5, 1, 5, 164, 4, '567ert', 123123, '2018-03-10 00:00:00', '123123', '123456', '2018-03-09 00:00:00', '1300', '2018-03-22', 1600, 123123123, '21323', 123123, 5, 1, 0, 0, 'vehiculo', '123', 'modalida', 'pasajeros');

-- --------------------------------------------------------

--
-- Estructura de tabla para la tabla `vehiculo_medida_cautelar`
--

CREATE TABLE `vehiculo_medida_cautelar` (
  `id` int(11) NOT NULL,
  `vehiculo_id` int(11) DEFAULT NULL,
  `medidaautelar_id` int(11) DEFAULT NULL
) ENGINE=InnoDB DEFAULT CHARSET=utf8 COLLATE=utf8_unicode_ci;

-- --------------------------------------------------------

--
-- Estructura de tabla para la tabla `vehiculo_pesado`
--

CREATE TABLE `vehiculo_pesado` (
  `id` int(11) NOT NULL,
  `vehiculo_id` int(11) DEFAULT NULL,
  `modalidad_id` int(11) DEFAULT NULL,
  `empresa_id` int(11) DEFAULT NULL,
  `tonelaje` int(11) NOT NULL,
  `numero_ejes` int(11) NOT NULL,
  `numero_mt` int(11) NOT NULL,
  `fichaTecnica_homologacion_carroceria` varchar(255) COLLATE utf8_unicode_ci NOT NULL,
  `fichaTecnica_homologacion_chasis` varchar(255) COLLATE utf8_unicode_ci NOT NULL,
  `estado` tinyint(1) NOT NULL
) ENGINE=InnoDB DEFAULT CHARSET=utf8 COLLATE=utf8_unicode_ci;

--
-- Índices para tablas volcadas
--

--
-- Indices de la tabla `agente_transito`
--
ALTER TABLE `agente_transito`
  ADD PRIMARY KEY (`id`),
  ADD KEY `IDX_DDF27AE162386829` (`ciudadano_id`);

--
-- Indices de la tabla `almacen`
--
ALTER TABLE `almacen`
  ADD PRIMARY KEY (`id`),
  ADD KEY `IDX_D5B2D25071CAA3E7` (`servicio_id`),
  ADD KEY `IDX_D5B2D250E9DCB368` (`organismo_transito_id`),
  ADD KEY `IDX_D5B2D2509AA59506` (`consumible_id`),
  ADD KEY `IDX_D5B2D2509F720353` (`clase_id`);

--
-- Indices de la tabla `banco`
--
ALTER TABLE `banco`
  ADD PRIMARY KEY (`id`);

--
-- Indices de la tabla `carroceria`
--
ALTER TABLE `carroceria`
  ADD PRIMARY KEY (`id`),
  ADD UNIQUE KEY `UNIQ_F5F79F3072A2A8F6` (`codigo_mt`),
  ADD KEY `IDX_F5F79F309F720353` (`clase_id`);

--
-- Indices de la tabla `caso`
--
ALTER TABLE `caso`
  ADD PRIMARY KEY (`id`),
  ADD KEY `IDX_98DD701A820C2849` (`tramite_id`);

--
-- Indices de la tabla `ciudadano`
--
ALTER TABLE `ciudadano`
  ADD PRIMARY KEY (`id`),
  ADD KEY `IDX_1E0605C165478DC6` (`tipo_identificacion_id`),
  ADD KEY `IDX_1E0605C1C5947016` (`municipio_nacimiento_id`),
  ADD KEY `IDX_1E0605C17BE350B3` (`municipio_residencia_id`);

--
-- Indices de la tabla `ciudad_extranjera`
--
ALTER TABLE `ciudad_extranjera`
  ADD PRIMARY KEY (`id`),
  ADD KEY `IDX_49BED661C604D5C6` (`pais_id`);

--
-- Indices de la tabla `clase`
--
ALTER TABLE `clase`
  ADD PRIMARY KEY (`id`),
  ADD UNIQUE KEY `UNIQ_199FACCE72A2A8F6` (`codigo_mt`);

--
-- Indices de la tabla `color`
--
ALTER TABLE `color`
  ADD PRIMARY KEY (`id`);

--
-- Indices de la tabla `combustible`
--
ALTER TABLE `combustible`
  ADD PRIMARY KEY (`id`),
  ADD UNIQUE KEY `UNIQ_7BE60F4A72A2A8F6` (`codigo_mt`);

--
-- Indices de la tabla `comparendo`
--
ALTER TABLE `comparendo`
  ADD PRIMARY KEY (`id`),
  ADD KEY `IDX_2F91A01058BC1BE0` (`municipio_id`),
  ADD KEY `IDX_2F91A01025F7D575` (`vehiculo_id`),
  ADD KEY `IDX_2F91A010FB465F43` (`cuidadano_id`),
  ADD KEY `IDX_2F91A01048027D36` (`agente_transito_id`),
  ADD KEY `IDX_2F91A010E2D14AC1` (`seguimiento_entrega_id`);

--
-- Indices de la tabla `comparendo_infraccion`
--
ALTER TABLE `comparendo_infraccion`
  ADD PRIMARY KEY (`id`),
  ADD KEY `IDX_95372F3653687954` (`comparendo_id`),
  ADD KEY `IDX_95372F36D4EE6627` (`infraccion_id`);

--
-- Indices de la tabla `concepto`
--
ALTER TABLE `concepto`
  ADD PRIMARY KEY (`id`),
  ADD KEY `IDX_648388D0820C2849` (`tramite_id`),
  ADD KEY `IDX_648388D09AEFF118` (`cuenta_id`);

--
-- Indices de la tabla `consumibles`
--
ALTER TABLE `consumibles`
  ADD PRIMARY KEY (`id`);

--
-- Indices de la tabla `correspondencia_documento`
--
ALTER TABLE `correspondencia_documento`
  ADD PRIMARY KEY (`id`),
  ADD KEY `IDX_43E925C3EFFC8E2E` (`registro_documento_id`);

--
-- Indices de la tabla `cuenta`
--
ALTER TABLE `cuenta`
  ADD PRIMARY KEY (`id`),
  ADD KEY `IDX_31C7BFCFCC04A73E` (`banco_id`);

--
-- Indices de la tabla `departamento`
--
ALTER TABLE `departamento`
  ADD PRIMARY KEY (`id`);

--
-- Indices de la tabla `dependencia`
--
ALTER TABLE `dependencia`
  ADD PRIMARY KEY (`id`);

--
-- Indices de la tabla `dependencia_ciudadano`
--
ALTER TABLE `dependencia_ciudadano`
  ADD PRIMARY KEY (`id`),
  ADD KEY `IDX_8163AB98DF2432B6` (`dependencia_id`),
  ADD KEY `IDX_8163AB9862386829` (`ciudadano_id`);

--
-- Indices de la tabla `empresa`
--
ALTER TABLE `empresa`
  ADD PRIMARY KEY (`id`),
  ADD KEY `IDX_B8D75A5058BC1BE0` (`municipio_id`),
  ADD KEY `IDX_B8D75A50C3981BB9` (`tipo_empresa_id`),
  ADD KEY `IDX_B8D75A5062386829` (`ciudadano_id`);

--
-- Indices de la tabla `factura`
--
ALTER TABLE `factura`
  ADD PRIMARY KEY (`id`),
  ADD KEY `IDX_F9EBA009C680A87` (`solicitante_id`),
  ADD KEY `IDX_F9EBA009A1C0A276` (`apoderado_id`),
  ADD KEY `IDX_F9EBA00925F7D575` (`vehiculo_id`);

--
-- Indices de la tabla `fases_documento`
--
ALTER TABLE `fases_documento`
  ADD PRIMARY KEY (`id`),
  ADD KEY `IDX_6E6D24A57A9F7152` (`funcionario_responzable_id`),
  ADD KEY `IDX_6E6D24A5EFFC8E2E` (`registro_documento_id`);

--
-- Indices de la tabla `infraccion`
--
ALTER TABLE `infraccion`
  ADD PRIMARY KEY (`id`);

--
-- Indices de la tabla `inmovilizacion`
--
ALTER TABLE `inmovilizacion`
  ADD PRIMARY KEY (`id`),
  ADD KEY `IDX_C8184D9553687954` (`comparendo_id`);

--
-- Indices de la tabla `linea`
--
ALTER TABLE `linea`
  ADD PRIMARY KEY (`id`),
  ADD KEY `IDX_BCB8FDDE81EF0041` (`marca_id`);

--
-- Indices de la tabla `liquidacion_comparendo`
--
ALTER TABLE `liquidacion_comparendo`
  ADD PRIMARY KEY (`id`);

--
-- Indices de la tabla `marca`
--
ALTER TABLE `marca`
  ADD PRIMARY KEY (`id`);

--
-- Indices de la tabla `medida_cautelar`
--
ALTER TABLE `medida_cautelar`
  ADD PRIMARY KEY (`id`),
  ADD KEY `IDX_C22F72B9EFFC8E2E` (`registro_documento_id`);

--
-- Indices de la tabla `modalidad`
--
ALTER TABLE `modalidad`
  ADD PRIMARY KEY (`id`);

--
-- Indices de la tabla `modulo`
--
ALTER TABLE `modulo`
  ADD PRIMARY KEY (`id`);

--
-- Indices de la tabla `modulo_sistema`
--
ALTER TABLE `modulo_sistema`
  ADD PRIMARY KEY (`id`);

--
-- Indices de la tabla `municipio`
--
ALTER TABLE `municipio`
  ADD PRIMARY KEY (`id`),
  ADD KEY `IDX_FE98F5E05A91C08D` (`departamento_id`);

--
-- Indices de la tabla `organismo_transito`
--
ALTER TABLE `organismo_transito`
  ADD PRIMARY KEY (`id`);

--
-- Indices de la tabla `pago`
--
ALTER TABLE `pago`
  ADD PRIMARY KEY (`id`),
  ADD KEY `IDX_F4DF5F3E820C2849` (`tramite_id`);

--
-- Indices de la tabla `pais`
--
ALTER TABLE `pais`
  ADD PRIMARY KEY (`id`);

--
-- Indices de la tabla `peticionario`
--
ALTER TABLE `peticionario`
  ADD PRIMARY KEY (`id`),
  ADD KEY `IDX_5349354EEFFC8E2E` (`registro_documento_id`);

--
-- Indices de la tabla `propietario_vehiculo`
--
ALTER TABLE `propietario_vehiculo`
  ADD PRIMARY KEY (`id`),
  ADD KEY `IDX_CE7F2D6B62386829` (`ciudadano_id`),
  ADD KEY `IDX_CE7F2D6B25F7D575` (`vehiculo_id`),
  ADD KEY `IDX_CE7F2D6B521E1991` (`empresa_id`);

--
-- Indices de la tabla `registro_documento`
--
ALTER TABLE `registro_documento`
  ADD PRIMARY KEY (`id`),
  ADD KEY `IDX_23A1B6CFF6939175` (`tipo_documento_id`);

--
-- Indices de la tabla `sede_operativa`
--
ALTER TABLE `sede_operativa`
  ADD PRIMARY KEY (`id`);

--
-- Indices de la tabla `seguimiento_entrega`
--
ALTER TABLE `seguimiento_entrega`
  ADD PRIMARY KEY (`id`);

--
-- Indices de la tabla `servicio`
--
ALTER TABLE `servicio`
  ADD PRIMARY KEY (`id`),
  ADD UNIQUE KEY `UNIQ_CB86F22A20332D99` (`codigo`);

--
-- Indices de la tabla `testigo_comparendo`
--
ALTER TABLE `testigo_comparendo`
  ADD PRIMARY KEY (`id`),
  ADD KEY `IDX_748E313753687954` (`comparendo_id`),
  ADD KEY `IDX_748E313762386829` (`ciudadano_id`);

--
-- Indices de la tabla `tipo_documento`
--
ALTER TABLE `tipo_documento`
  ADD PRIMARY KEY (`id`);

--
-- Indices de la tabla `tipo_empresa`
--
ALTER TABLE `tipo_empresa`
  ADD PRIMARY KEY (`id`);

--
-- Indices de la tabla `tipo_identificacion`
--
ALTER TABLE `tipo_identificacion`
  ADD PRIMARY KEY (`id`);

--
-- Indices de la tabla `tramite`
--
ALTER TABLE `tramite`
  ADD PRIMARY KEY (`id`),
  ADD KEY `IDX_9F322F25C07F55F5` (`modulo_id`);

--
-- Indices de la tabla `tramite_especifico`
--
ALTER TABLE `tramite_especifico`
  ADD PRIMARY KEY (`id`),
  ADD KEY `IDX_64D11B2C820C2849` (`tramite_id`),
  ADD KEY `IDX_64D11B2CC530148` (`tramite_general_id`),
  ADD KEY `IDX_64D11B2CD45162B6` (`variante_id`),
  ADD KEY `IDX_64D11B2CA0AD3491` (`caso_id`);

--
-- Indices de la tabla `tramite_factura`
--
ALTER TABLE `tramite_factura`
  ADD PRIMARY KEY (`id`),
  ADD KEY `IDX_1F247254CB7C67B1` (`tramite_sistema_id`),
  ADD KEY `IDX_1F247254F04F795F` (`factura_id`);

--
-- Indices de la tabla `tramite_general`
--
ALTER TABLE `tramite_general`
  ADD PRIMARY KEY (`id`),
  ADD KEY `IDX_28E6E41725F7D575` (`vehiculo_id`),
  ADD KEY `IDX_28E6E41762386829` (`ciudadano_id`),
  ADD KEY `IDX_28E6E417521E1991` (`empresa_id`);

--
-- Indices de la tabla `tramite_sistema`
--
ALTER TABLE `tramite_sistema`
  ADD PRIMARY KEY (`id`),
  ADD KEY `IDX_770D793C681F61F4` (`modulo_sistema_id`);

--
-- Indices de la tabla `usuario`
--
ALTER TABLE `usuario`
  ADD PRIMARY KEY (`id`);

--
-- Indices de la tabla `variante`
--
ALTER TABLE `variante`
  ADD PRIMARY KEY (`id`),
  ADD KEY `IDX_474CE6B0820C2849` (`tramite_id`);

--
-- Indices de la tabla `vehiculo`
--
ALTER TABLE `vehiculo`
  ADD PRIMARY KEY (`id`),
  ADD KEY `IDX_C9FA160358BC1BE0` (`municipio_id`),
  ADD KEY `IDX_C9FA160385FE79F8` (`linea_id`),
  ADD KEY `IDX_C9FA160371CAA3E7` (`servicio_id`),
  ADD KEY `IDX_C9FA16037ADA1FB5` (`color_id`),
  ADD KEY `IDX_C9FA1603D5BD96DF` (`combustible_id`),
  ADD KEY `IDX_C9FA1603972AD13F` (`carroceria_id`),
  ADD KEY `IDX_C9FA1603E9DCB368` (`organismo_transito_id`),
  ADD KEY `IDX_C9FA16039F720353` (`clase_id`);

--
-- Indices de la tabla `vehiculo_medida_cautelar`
--
ALTER TABLE `vehiculo_medida_cautelar`
  ADD PRIMARY KEY (`id`),
  ADD KEY `IDX_D1FD527225F7D575` (`vehiculo_id`),
  ADD KEY `IDX_D1FD5272FDC741FD` (`medidaautelar_id`);

--
-- Indices de la tabla `vehiculo_pesado`
--
ALTER TABLE `vehiculo_pesado`
  ADD PRIMARY KEY (`id`),
  ADD KEY `IDX_13A4DDB825F7D575` (`vehiculo_id`),
  ADD KEY `IDX_13A4DDB81E092B9F` (`modalidad_id`),
  ADD KEY `IDX_13A4DDB8521E1991` (`empresa_id`);

--
-- AUTO_INCREMENT de las tablas volcadas
--

--
-- AUTO_INCREMENT de la tabla `agente_transito`
--
ALTER TABLE `agente_transito`
  MODIFY `id` int(11) NOT NULL AUTO_INCREMENT, AUTO_INCREMENT=2;
--
-- AUTO_INCREMENT de la tabla `almacen`
--
ALTER TABLE `almacen`
  MODIFY `id` int(11) NOT NULL AUTO_INCREMENT, AUTO_INCREMENT=3;
--
-- AUTO_INCREMENT de la tabla `banco`
--
ALTER TABLE `banco`
  MODIFY `id` int(11) NOT NULL AUTO_INCREMENT, AUTO_INCREMENT=8;
--
-- AUTO_INCREMENT de la tabla `carroceria`
--
ALTER TABLE `carroceria`
  MODIFY `id` int(11) NOT NULL AUTO_INCREMENT, AUTO_INCREMENT=175;
--
-- AUTO_INCREMENT de la tabla `caso`
--
ALTER TABLE `caso`
  MODIFY `id` int(11) NOT NULL AUTO_INCREMENT;
--
-- AUTO_INCREMENT de la tabla `ciudadano`
--
ALTER TABLE `ciudadano`
  MODIFY `id` int(11) NOT NULL AUTO_INCREMENT, AUTO_INCREMENT=14;
--
-- AUTO_INCREMENT de la tabla `ciudad_extranjera`
--
ALTER TABLE `ciudad_extranjera`
  MODIFY `id` int(11) NOT NULL AUTO_INCREMENT;
--
-- AUTO_INCREMENT de la tabla `clase`
--
ALTER TABLE `clase`
  MODIFY `id` int(11) NOT NULL AUTO_INCREMENT, AUTO_INCREMENT=20;
--
-- AUTO_INCREMENT de la tabla `color`
--
ALTER TABLE `color`
  MODIFY `id` int(11) NOT NULL AUTO_INCREMENT, AUTO_INCREMENT=995;
--
-- AUTO_INCREMENT de la tabla `combustible`
--
ALTER TABLE `combustible`
  MODIFY `id` int(11) NOT NULL AUTO_INCREMENT, AUTO_INCREMENT=5;
--
-- AUTO_INCREMENT de la tabla `comparendo`
--
ALTER TABLE `comparendo`
  MODIFY `id` int(11) NOT NULL AUTO_INCREMENT, AUTO_INCREMENT=11;
--
-- AUTO_INCREMENT de la tabla `comparendo_infraccion`
--
ALTER TABLE `comparendo_infraccion`
  MODIFY `id` int(11) NOT NULL AUTO_INCREMENT;
--
-- AUTO_INCREMENT de la tabla `concepto`
--
ALTER TABLE `concepto`
  MODIFY `id` int(11) NOT NULL AUTO_INCREMENT;
--
-- AUTO_INCREMENT de la tabla `consumibles`
--
ALTER TABLE `consumibles`
  MODIFY `id` int(11) NOT NULL AUTO_INCREMENT, AUTO_INCREMENT=2;
--
-- AUTO_INCREMENT de la tabla `correspondencia_documento`
--
ALTER TABLE `correspondencia_documento`
  MODIFY `id` int(11) NOT NULL AUTO_INCREMENT;
--
-- AUTO_INCREMENT de la tabla `cuenta`
--
ALTER TABLE `cuenta`
  MODIFY `id` int(11) NOT NULL AUTO_INCREMENT, AUTO_INCREMENT=3;
--
-- AUTO_INCREMENT de la tabla `departamento`
--
ALTER TABLE `departamento`
  MODIFY `id` int(11) NOT NULL AUTO_INCREMENT, AUTO_INCREMENT=33;
--
-- AUTO_INCREMENT de la tabla `dependencia`
--
ALTER TABLE `dependencia`
  MODIFY `id` int(11) NOT NULL AUTO_INCREMENT, AUTO_INCREMENT=4;
--
-- AUTO_INCREMENT de la tabla `dependencia_ciudadano`
--
ALTER TABLE `dependencia_ciudadano`
  MODIFY `id` int(11) NOT NULL AUTO_INCREMENT;
--
-- AUTO_INCREMENT de la tabla `empresa`
--
ALTER TABLE `empresa`
  MODIFY `id` int(11) NOT NULL AUTO_INCREMENT;
--
-- AUTO_INCREMENT de la tabla `factura`
--
ALTER TABLE `factura`
  MODIFY `id` int(11) NOT NULL AUTO_INCREMENT;
--
-- AUTO_INCREMENT de la tabla `fases_documento`
--
ALTER TABLE `fases_documento`
  MODIFY `id` int(11) NOT NULL AUTO_INCREMENT;
--
-- AUTO_INCREMENT de la tabla `infraccion`
--
ALTER TABLE `infraccion`
  MODIFY `id` int(11) NOT NULL AUTO_INCREMENT;
--
-- AUTO_INCREMENT de la tabla `inmovilizacion`
--
ALTER TABLE `inmovilizacion`
  MODIFY `id` int(11) NOT NULL AUTO_INCREMENT;
--
-- AUTO_INCREMENT de la tabla `linea`
--
ALTER TABLE `linea`
  MODIFY `id` int(11) NOT NULL AUTO_INCREMENT, AUTO_INCREMENT=1012;
--
-- AUTO_INCREMENT de la tabla `liquidacion_comparendo`
--
ALTER TABLE `liquidacion_comparendo`
  MODIFY `id` int(11) NOT NULL AUTO_INCREMENT;
--
-- AUTO_INCREMENT de la tabla `marca`
--
ALTER TABLE `marca`
  MODIFY `id` int(11) NOT NULL AUTO_INCREMENT, AUTO_INCREMENT=81;
--
-- AUTO_INCREMENT de la tabla `medida_cautelar`
--
ALTER TABLE `medida_cautelar`
  MODIFY `id` int(11) NOT NULL AUTO_INCREMENT;
--
-- AUTO_INCREMENT de la tabla `modalidad`
--
ALTER TABLE `modalidad`
  MODIFY `id` int(11) NOT NULL AUTO_INCREMENT, AUTO_INCREMENT=2;
--
-- AUTO_INCREMENT de la tabla `modulo`
--
ALTER TABLE `modulo`
  MODIFY `id` int(11) NOT NULL AUTO_INCREMENT, AUTO_INCREMENT=5;
--
-- AUTO_INCREMENT de la tabla `modulo_sistema`
--
ALTER TABLE `modulo_sistema`
  MODIFY `id` int(11) NOT NULL AUTO_INCREMENT;
--
-- AUTO_INCREMENT de la tabla `municipio`
--
ALTER TABLE `municipio`
  MODIFY `id` int(11) NOT NULL AUTO_INCREMENT, AUTO_INCREMENT=1124;
--
-- AUTO_INCREMENT de la tabla `organismo_transito`
--
ALTER TABLE `organismo_transito`
  MODIFY `id` int(11) NOT NULL AUTO_INCREMENT, AUTO_INCREMENT=250;
--
-- AUTO_INCREMENT de la tabla `pago`
--
ALTER TABLE `pago`
  MODIFY `id` int(11) NOT NULL AUTO_INCREMENT;
--
-- AUTO_INCREMENT de la tabla `pais`
--
ALTER TABLE `pais`
  MODIFY `id` int(11) NOT NULL AUTO_INCREMENT;
--
-- AUTO_INCREMENT de la tabla `peticionario`
--
ALTER TABLE `peticionario`
  MODIFY `id` int(11) NOT NULL AUTO_INCREMENT;
--
-- AUTO_INCREMENT de la tabla `propietario_vehiculo`
--
ALTER TABLE `propietario_vehiculo`
  MODIFY `id` int(11) NOT NULL AUTO_INCREMENT, AUTO_INCREMENT=2;
--
-- AUTO_INCREMENT de la tabla `registro_documento`
--
ALTER TABLE `registro_documento`
  MODIFY `id` int(11) NOT NULL AUTO_INCREMENT;
--
-- AUTO_INCREMENT de la tabla `sede_operativa`
--
ALTER TABLE `sede_operativa`
  MODIFY `id` int(11) NOT NULL AUTO_INCREMENT, AUTO_INCREMENT=3;
--
-- AUTO_INCREMENT de la tabla `seguimiento_entrega`
--
ALTER TABLE `seguimiento_entrega`
  MODIFY `id` int(11) NOT NULL AUTO_INCREMENT, AUTO_INCREMENT=2;
--
-- AUTO_INCREMENT de la tabla `servicio`
--
ALTER TABLE `servicio`
  MODIFY `id` int(11) NOT NULL AUTO_INCREMENT, AUTO_INCREMENT=6;
--
-- AUTO_INCREMENT de la tabla `testigo_comparendo`
--
ALTER TABLE `testigo_comparendo`
  MODIFY `id` int(11) NOT NULL AUTO_INCREMENT;
--
-- AUTO_INCREMENT de la tabla `tipo_documento`
--
ALTER TABLE `tipo_documento`
  MODIFY `id` int(11) NOT NULL AUTO_INCREMENT;
--
-- AUTO_INCREMENT de la tabla `tipo_empresa`
--
ALTER TABLE `tipo_empresa`
  MODIFY `id` int(11) NOT NULL AUTO_INCREMENT;
--
-- AUTO_INCREMENT de la tabla `tipo_identificacion`
--
ALTER TABLE `tipo_identificacion`
  MODIFY `id` int(11) NOT NULL AUTO_INCREMENT, AUTO_INCREMENT=9;
--
-- AUTO_INCREMENT de la tabla `tramite`
--
ALTER TABLE `tramite`
  MODIFY `id` int(11) NOT NULL AUTO_INCREMENT, AUTO_INCREMENT=56;
--
-- AUTO_INCREMENT de la tabla `tramite_especifico`
--
ALTER TABLE `tramite_especifico`
  MODIFY `id` int(11) NOT NULL AUTO_INCREMENT;
--
-- AUTO_INCREMENT de la tabla `tramite_factura`
--
ALTER TABLE `tramite_factura`
  MODIFY `id` int(11) NOT NULL AUTO_INCREMENT;
--
-- AUTO_INCREMENT de la tabla `tramite_general`
--
ALTER TABLE `tramite_general`
  MODIFY `id` int(11) NOT NULL AUTO_INCREMENT;
--
-- AUTO_INCREMENT de la tabla `tramite_sistema`
--
ALTER TABLE `tramite_sistema`
  MODIFY `id` int(11) NOT NULL AUTO_INCREMENT;
--
-- AUTO_INCREMENT de la tabla `usuario`
--
ALTER TABLE `usuario`
  MODIFY `id` int(11) NOT NULL AUTO_INCREMENT, AUTO_INCREMENT=3;
--
-- AUTO_INCREMENT de la tabla `variante`
--
ALTER TABLE `variante`
  MODIFY `id` int(11) NOT NULL AUTO_INCREMENT;
--
-- AUTO_INCREMENT de la tabla `vehiculo`
--
ALTER TABLE `vehiculo`
  MODIFY `id` int(11) NOT NULL AUTO_INCREMENT, AUTO_INCREMENT=6;
--
-- AUTO_INCREMENT de la tabla `vehiculo_medida_cautelar`
--
ALTER TABLE `vehiculo_medida_cautelar`
  MODIFY `id` int(11) NOT NULL AUTO_INCREMENT;
--
-- AUTO_INCREMENT de la tabla `vehiculo_pesado`
--
ALTER TABLE `vehiculo_pesado`
  MODIFY `id` int(11) NOT NULL AUTO_INCREMENT;
--
-- Restricciones para tablas volcadas
--

--
-- Filtros para la tabla `agente_transito`
--
ALTER TABLE `agente_transito`
  ADD CONSTRAINT `FK_DDF27AE162386829` FOREIGN KEY (`ciudadano_id`) REFERENCES `ciudadano` (`id`);

--
-- Filtros para la tabla `almacen`
--
ALTER TABLE `almacen`
  ADD CONSTRAINT `FK_D5B2D25071CAA3E7` FOREIGN KEY (`servicio_id`) REFERENCES `servicio` (`id`),
  ADD CONSTRAINT `FK_D5B2D2509AA59506` FOREIGN KEY (`consumible_id`) REFERENCES `consumibles` (`id`),
  ADD CONSTRAINT `FK_D5B2D2509F720353` FOREIGN KEY (`clase_id`) REFERENCES `clase` (`id`),
  ADD CONSTRAINT `FK_D5B2D250E9DCB368` FOREIGN KEY (`organismo_transito_id`) REFERENCES `organismo_transito` (`id`);

--
-- Filtros para la tabla `carroceria`
--
ALTER TABLE `carroceria`
  ADD CONSTRAINT `FK_F5F79F309F720353` FOREIGN KEY (`clase_id`) REFERENCES `clase` (`id`);

--
-- Filtros para la tabla `caso`
--
ALTER TABLE `caso`
  ADD CONSTRAINT `FK_98DD701A820C2849` FOREIGN KEY (`tramite_id`) REFERENCES `tramite` (`id`);

--
-- Filtros para la tabla `ciudadano`
--
ALTER TABLE `ciudadano`
  ADD CONSTRAINT `FK_1E0605C165478DC6` FOREIGN KEY (`tipo_identificacion_id`) REFERENCES `tipo_identificacion` (`id`),
  ADD CONSTRAINT `FK_1E0605C17BE350B3` FOREIGN KEY (`municipio_residencia_id`) REFERENCES `municipio` (`id`),
  ADD CONSTRAINT `FK_1E0605C1C5947016` FOREIGN KEY (`municipio_nacimiento_id`) REFERENCES `municipio` (`id`);

--
-- Filtros para la tabla `ciudad_extranjera`
--
ALTER TABLE `ciudad_extranjera`
  ADD CONSTRAINT `FK_49BED661C604D5C6` FOREIGN KEY (`pais_id`) REFERENCES `pais` (`id`);

--
-- Filtros para la tabla `comparendo`
--
ALTER TABLE `comparendo`
  ADD CONSTRAINT `FK_2F91A01025F7D575` FOREIGN KEY (`vehiculo_id`) REFERENCES `vehiculo` (`id`),
  ADD CONSTRAINT `FK_2F91A01048027D36` FOREIGN KEY (`agente_transito_id`) REFERENCES `agente_transito` (`id`),
  ADD CONSTRAINT `FK_2F91A01058BC1BE0` FOREIGN KEY (`municipio_id`) REFERENCES `municipio` (`id`),
  ADD CONSTRAINT `FK_2F91A010E2D14AC1` FOREIGN KEY (`seguimiento_entrega_id`) REFERENCES `seguimiento_entrega` (`id`),
  ADD CONSTRAINT `FK_2F91A010FB465F43` FOREIGN KEY (`cuidadano_id`) REFERENCES `ciudadano` (`id`);

--
-- Filtros para la tabla `comparendo_infraccion`
--
ALTER TABLE `comparendo_infraccion`
  ADD CONSTRAINT `FK_95372F3653687954` FOREIGN KEY (`comparendo_id`) REFERENCES `comparendo` (`id`),
  ADD CONSTRAINT `FK_95372F36D4EE6627` FOREIGN KEY (`infraccion_id`) REFERENCES `infraccion` (`id`);

--
-- Filtros para la tabla `concepto`
--
ALTER TABLE `concepto`
  ADD CONSTRAINT `FK_648388D0820C2849` FOREIGN KEY (`tramite_id`) REFERENCES `tramite` (`id`),
  ADD CONSTRAINT `FK_648388D09AEFF118` FOREIGN KEY (`cuenta_id`) REFERENCES `cuenta` (`id`);

--
-- Filtros para la tabla `correspondencia_documento`
--
ALTER TABLE `correspondencia_documento`
  ADD CONSTRAINT `FK_43E925C3EFFC8E2E` FOREIGN KEY (`registro_documento_id`) REFERENCES `registro_documento` (`id`);

--
-- Filtros para la tabla `cuenta`
--
ALTER TABLE `cuenta`
  ADD CONSTRAINT `FK_31C7BFCFCC04A73E` FOREIGN KEY (`banco_id`) REFERENCES `banco` (`id`);

--
-- Filtros para la tabla `dependencia_ciudadano`
--
ALTER TABLE `dependencia_ciudadano`
  ADD CONSTRAINT `FK_8163AB9862386829` FOREIGN KEY (`ciudadano_id`) REFERENCES `ciudadano` (`id`),
  ADD CONSTRAINT `FK_8163AB98DF2432B6` FOREIGN KEY (`dependencia_id`) REFERENCES `dependencia` (`id`);

--
-- Filtros para la tabla `empresa`
--
ALTER TABLE `empresa`
  ADD CONSTRAINT `FK_B8D75A5058BC1BE0` FOREIGN KEY (`municipio_id`) REFERENCES `municipio` (`id`),
  ADD CONSTRAINT `FK_B8D75A5062386829` FOREIGN KEY (`ciudadano_id`) REFERENCES `ciudadano` (`id`),
  ADD CONSTRAINT `FK_B8D75A50C3981BB9` FOREIGN KEY (`tipo_empresa_id`) REFERENCES `tipo_empresa` (`id`);

--
-- Filtros para la tabla `factura`
--
ALTER TABLE `factura`
  ADD CONSTRAINT `FK_F9EBA00925F7D575` FOREIGN KEY (`vehiculo_id`) REFERENCES `vehiculo` (`id`),
  ADD CONSTRAINT `FK_F9EBA009A1C0A276` FOREIGN KEY (`apoderado_id`) REFERENCES `ciudadano` (`id`),
  ADD CONSTRAINT `FK_F9EBA009C680A87` FOREIGN KEY (`solicitante_id`) REFERENCES `ciudadano` (`id`);

--
-- Filtros para la tabla `fases_documento`
--
ALTER TABLE `fases_documento`
  ADD CONSTRAINT `FK_6E6D24A57A9F7152` FOREIGN KEY (`funcionario_responzable_id`) REFERENCES `ciudadano` (`id`),
  ADD CONSTRAINT `FK_6E6D24A5EFFC8E2E` FOREIGN KEY (`registro_documento_id`) REFERENCES `registro_documento` (`id`);

--
-- Filtros para la tabla `inmovilizacion`
--
ALTER TABLE `inmovilizacion`
  ADD CONSTRAINT `FK_C8184D9553687954` FOREIGN KEY (`comparendo_id`) REFERENCES `comparendo` (`id`);

--
-- Filtros para la tabla `linea`
--
ALTER TABLE `linea`
  ADD CONSTRAINT `FK_BCB8FDDE81EF0041` FOREIGN KEY (`marca_id`) REFERENCES `marca` (`id`);

--
-- Filtros para la tabla `medida_cautelar`
--
ALTER TABLE `medida_cautelar`
  ADD CONSTRAINT `FK_C22F72B9EFFC8E2E` FOREIGN KEY (`registro_documento_id`) REFERENCES `registro_documento` (`id`);

--
-- Filtros para la tabla `municipio`
--
ALTER TABLE `municipio`
  ADD CONSTRAINT `FK_FE98F5E05A91C08D` FOREIGN KEY (`departamento_id`) REFERENCES `departamento` (`id`);

--
-- Filtros para la tabla `pago`
--
ALTER TABLE `pago`
  ADD CONSTRAINT `FK_F4DF5F3E820C2849` FOREIGN KEY (`tramite_id`) REFERENCES `tramite` (`id`);

--
-- Filtros para la tabla `peticionario`
--
ALTER TABLE `peticionario`
  ADD CONSTRAINT `FK_5349354EEFFC8E2E` FOREIGN KEY (`registro_documento_id`) REFERENCES `registro_documento` (`id`);

--
-- Filtros para la tabla `propietario_vehiculo`
--
ALTER TABLE `propietario_vehiculo`
  ADD CONSTRAINT `FK_CE7F2D6B25F7D575` FOREIGN KEY (`vehiculo_id`) REFERENCES `vehiculo` (`id`),
  ADD CONSTRAINT `FK_CE7F2D6B521E1991` FOREIGN KEY (`empresa_id`) REFERENCES `empresa` (`id`),
  ADD CONSTRAINT `FK_CE7F2D6B62386829` FOREIGN KEY (`ciudadano_id`) REFERENCES `ciudadano` (`id`);

--
-- Filtros para la tabla `registro_documento`
--
ALTER TABLE `registro_documento`
  ADD CONSTRAINT `FK_23A1B6CFF6939175` FOREIGN KEY (`tipo_documento_id`) REFERENCES `tipo_documento` (`id`);

--
-- Filtros para la tabla `testigo_comparendo`
--
ALTER TABLE `testigo_comparendo`
  ADD CONSTRAINT `FK_748E313753687954` FOREIGN KEY (`comparendo_id`) REFERENCES `comparendo` (`id`),
  ADD CONSTRAINT `FK_748E313762386829` FOREIGN KEY (`ciudadano_id`) REFERENCES `ciudadano` (`id`);

--
-- Filtros para la tabla `tramite`
--
ALTER TABLE `tramite`
  ADD CONSTRAINT `FK_9F322F25C07F55F5` FOREIGN KEY (`modulo_id`) REFERENCES `modulo` (`id`);

--
-- Filtros para la tabla `tramite_especifico`
--
ALTER TABLE `tramite_especifico`
  ADD CONSTRAINT `FK_64D11B2C820C2849` FOREIGN KEY (`tramite_id`) REFERENCES `tramite` (`id`),
  ADD CONSTRAINT `FK_64D11B2CA0AD3491` FOREIGN KEY (`caso_id`) REFERENCES `caso` (`id`),
  ADD CONSTRAINT `FK_64D11B2CC530148` FOREIGN KEY (`tramite_general_id`) REFERENCES `tramite_general` (`id`),
  ADD CONSTRAINT `FK_64D11B2CD45162B6` FOREIGN KEY (`variante_id`) REFERENCES `variante` (`id`);

--
-- Filtros para la tabla `tramite_factura`
--
ALTER TABLE `tramite_factura`
  ADD CONSTRAINT `FK_1F247254CB7C67B1` FOREIGN KEY (`tramite_sistema_id`) REFERENCES `tramite_sistema` (`id`),
  ADD CONSTRAINT `FK_1F247254F04F795F` FOREIGN KEY (`factura_id`) REFERENCES `factura` (`id`);

--
-- Filtros para la tabla `tramite_general`
--
ALTER TABLE `tramite_general`
  ADD CONSTRAINT `FK_28E6E41725F7D575` FOREIGN KEY (`vehiculo_id`) REFERENCES `vehiculo` (`id`),
  ADD CONSTRAINT `FK_28E6E417521E1991` FOREIGN KEY (`empresa_id`) REFERENCES `empresa` (`id`),
  ADD CONSTRAINT `FK_28E6E41762386829` FOREIGN KEY (`ciudadano_id`) REFERENCES `ciudadano` (`id`);

--
-- Filtros para la tabla `tramite_sistema`
--
ALTER TABLE `tramite_sistema`
  ADD CONSTRAINT `FK_770D793C681F61F4` FOREIGN KEY (`modulo_sistema_id`) REFERENCES `modulo_sistema` (`id`);

--
-- Filtros para la tabla `variante`
--
ALTER TABLE `variante`
  ADD CONSTRAINT `FK_474CE6B0820C2849` FOREIGN KEY (`tramite_id`) REFERENCES `tramite` (`id`);

--
-- Filtros para la tabla `vehiculo`
--
ALTER TABLE `vehiculo`
  ADD CONSTRAINT `FK_C9FA160358BC1BE0` FOREIGN KEY (`municipio_id`) REFERENCES `municipio` (`id`),
  ADD CONSTRAINT `FK_C9FA160371CAA3E7` FOREIGN KEY (`servicio_id`) REFERENCES `servicio` (`id`),
  ADD CONSTRAINT `FK_C9FA16037ADA1FB5` FOREIGN KEY (`color_id`) REFERENCES `color` (`id`),
  ADD CONSTRAINT `FK_C9FA160385FE79F8` FOREIGN KEY (`linea_id`) REFERENCES `linea` (`id`),
  ADD CONSTRAINT `FK_C9FA1603972AD13F` FOREIGN KEY (`carroceria_id`) REFERENCES `carroceria` (`id`),
  ADD CONSTRAINT `FK_C9FA16039F720353` FOREIGN KEY (`clase_id`) REFERENCES `clase` (`id`),
  ADD CONSTRAINT `FK_C9FA1603D5BD96DF` FOREIGN KEY (`combustible_id`) REFERENCES `combustible` (`id`),
  ADD CONSTRAINT `FK_C9FA1603E9DCB368` FOREIGN KEY (`organismo_transito_id`) REFERENCES `organismo_transito` (`id`);

--
-- Filtros para la tabla `vehiculo_medida_cautelar`
--
ALTER TABLE `vehiculo_medida_cautelar`
  ADD CONSTRAINT `FK_D1FD527225F7D575` FOREIGN KEY (`vehiculo_id`) REFERENCES `vehiculo` (`id`),
  ADD CONSTRAINT `FK_D1FD5272FDC741FD` FOREIGN KEY (`medidaautelar_id`) REFERENCES `medida_cautelar` (`id`);

--
-- Filtros para la tabla `vehiculo_pesado`
--
ALTER TABLE `vehiculo_pesado`
  ADD CONSTRAINT `FK_13A4DDB81E092B9F` FOREIGN KEY (`modalidad_id`) REFERENCES `modalidad` (`id`),
  ADD CONSTRAINT `FK_13A4DDB825F7D575` FOREIGN KEY (`vehiculo_id`) REFERENCES `vehiculo` (`id`),
  ADD CONSTRAINT `FK_13A4DDB8521E1991` FOREIGN KEY (`empresa_id`) REFERENCES `empresa` (`id`);

/*!40101 SET CHARACTER_SET_CLIENT=@OLD_CHARACTER_SET_CLIENT */;
/*!40101 SET CHARACTER_SET_RESULTS=@OLD_CHARACTER_SET_RESULTS */;
/*!40101 SET COLLATION_CONNECTION=@OLD_COLLATION_CONNECTION */;
